State,Filed week ended,Initial Claims,Reflecting Week Ended,Continued Claims,Covered Employment,Insured Unemployment Rate
Maine,1/3/87,"2,988",12/27/86,"11,934","434,257",2.75
Maine,1/10/87,"4,542",1/3/87,"15,098","438,889",3.44
Maine,1/17/87,"4,323",1/10/87,"16,270","438,889",3.71
Maine,1/24/87,"3,553",1/17/87,"15,246","438,889",3.47
Maine,1/31/87,"2,357",1/24/87,"15,007","438,889",3.42
Maine,2/7/87,"2,431",1/31/87,"14,408","438,889",3.28
Maine,2/14/87,"2,226",2/7/87,"14,926","438,889",3.4
Maine,2/21/87,"2,048",2/14/87,"14,673","438,889",3.34
Maine,2/28/87,"2,217",2/21/87,"15,155","438,889",3.45
Maine,3/7/87,"1,854",2/28/87,"15,254","438,889",3.48
Maine,3/14/87,"1,827",3/7/87,"14,943","438,889",3.4
Maine,3/21/87,"1,908",3/14/87,"13,576","438,889",3.09
Maine,3/28/87,"2,204",3/21/87,"13,619","438,889",3.1
Maine,4/4/87,"2,456",3/28/87,"13,318","438,889",3.03
Maine,4/11/87,"2,593",4/4/87,"13,148","444,634",2.96
Maine,4/18/87,"3,544",4/11/87,"14,664","444,634",3.3
Maine,4/25/87,"3,288",4/18/87,"14,258","444,634",3.21
Maine,5/2/87,"2,046",4/25/87,"12,114","444,634",2.72
Maine,5/9/87,"1,904",5/2/87,"10,845","444,634",2.44
Maine,5/16/87,"1,540",5/9/87,"9,618","444,634",2.16
Maine,5/23/87,"1,608",5/16/87,"8,837","444,634",1.99
Maine,5/30/87,"1,299",5/23/87,"8,152","444,634",1.83
Maine,6/6/87,"1,464",5/30/87,"8,432","444,634",1.9
Maine,6/13/87,"1,515",6/6/87,"8,193","444,634",1.84
Maine,6/20/87,"1,748",6/13/87,"7,777","444,634",1.75
Maine,6/27/87,"2,005",6/20/87,"8,284","444,634",1.86
Maine,7/4/87,"1,543",6/27/87,"8,017","444,634",1.8
Maine,7/11/87,"2,131",7/4/87,"9,112","451,119",2.02
Maine,7/18/87,"3,107",7/11/87,"10,368","451,119",2.3
Maine,7/25/87,"4,040",7/18/87,"11,962","451,119",2.65
Maine,8/1/87,"2,180",7/25/87,"9,812","451,119",2.18
Maine,8/8/87,"1,383",8/1/87,"8,426","451,119",1.87
Maine,8/15/87,"1,469",8/8/87,"8,049","451,119",1.78
Maine,8/22/87,"1,309",8/15/87,"7,518","451,119",1.67
Maine,8/29/87,"1,246",8/22/87,"7,459","451,119",1.65
Maine,9/5/87,"1,301",8/29/87,"7,046","451,119",1.56
Maine,9/12/87,"1,116",9/5/87,"6,501","451,119",1.44
Maine,9/19/87,"1,428",9/12/87,"6,596","451,119",1.46
Maine,9/26/87,"1,120",9/19/87,"6,404","451,119",1.42
Maine,10/3/87,"1,065",9/26/87,"6,232","451,119",1.38
Maine,10/10/87,"1,126",10/3/87,"5,967","457,125",1.31
Maine,10/17/87,"1,082",10/10/87,"5,698","457,125",1.25
Maine,10/24/87,"1,365",10/17/87,"6,004","457,125",1.31
Maine,10/31/87,"1,327",10/24/87,"6,194","457,125",1.35
Maine,11/7/87,"1,535",10/31/87,"6,300","457,125",1.38
Maine,11/14/87,"1,501",11/7/87,"6,222","457,125",1.36
Maine,11/21/87,"1,796",11/14/87,"7,196","457,125",1.57
Maine,11/28/87,"1,304",11/21/87,"6,627","457,125",1.45
Maine,12/5/87,"2,126",11/28/87,"8,396","457,125",1.84
Maine,12/12/87,"2,307",12/5/87,"8,522","457,125",1.86
Maine,12/19/87,"1,976",12/12/87,"8,361","457,125",1.83
Maine,12/26/87,"2,222",12/19/87,"8,006","457,125",1.75
Maine,1/2/88,"2,857",12/26/87,"9,676","457,125",2.12
Maine,1/9/88,"5,102",1/2/88,"13,691","462,898",2.96
Maine,1/16/88,"3,605",1/9/88,"13,534","462,898",2.92
Maine,1/23/88,"2,090",1/16/88,"12,339","462,898",2.67
Maine,1/30/88,"2,034",1/23/88,"13,548","462,898",2.93
Maine,2/6/88,"1,709",1/30/88,"12,941","462,898",2.8
Maine,2/13/88,"1,855",2/6/88,"13,023","462,898",2.81
Maine,2/20/88,"1,402",2/13/88,"12,395","462,898",2.68
Maine,2/27/88,"1,910",2/20/88,"13,671","462,898",2.95
Maine,3/5/88,"1,960",2/27/88,"13,383","462,898",2.89
Maine,3/12/88,"1,814",3/5/88,"13,233","462,898",2.86
Maine,3/19/88,"1,699",3/12/88,"12,686","462,898",2.74
Maine,3/26/88,"1,649",3/19/88,"12,453","462,898",2.69
Maine,4/2/88,"2,256",3/26/88,"12,109","462,898",2.62
Maine,4/9/88,"1,953",4/2/88,"11,814","469,196",2.52
Maine,4/16/88,"1,761",4/9/88,"11,344","469,196",2.42
Maine,4/23/88,"1,532",4/16/88,"10,449","469,196",2.23
Maine,4/30/88,"1,617",4/23/88,"10,693","469,196",2.28
Maine,5/7/88,"1,733",4/30/88,"10,207","469,196",2.18
Maine,5/14/88,"1,425",5/7/88,"9,060","469,196",1.93
Maine,5/21/88,"1,535",5/14/88,"7,978","469,196",1.7
Maine,5/28/88,"1,290",5/21/88,"7,630","469,196",1.63
Maine,6/4/88,"1,138",5/28/88,"7,072","469,196",1.51
Maine,6/11/88,"1,275",6/4/88,"7,162","469,196",1.53
Maine,6/18/88,"2,031",6/11/88,"6,826","469,196",1.45
Maine,6/25/88,"1,546",6/18/88,"7,306","469,196",1.56
Maine,7/2/88,"1,405",6/25/88,"7,015","469,196",1.5
Maine,7/9/88,"1,676",7/2/88,"6,926","475,178",1.46
Maine,7/16/88,"2,786",7/9/88,"8,384","475,178",1.76
Maine,7/23/88,"3,732",7/16/88,"10,032","475,178",2.11
Maine,7/30/88,"3,364",7/23/88,"9,561","475,178",2.01
Maine,8/6/88,"1,637",7/30/88,"7,520","475,178",1.58
Maine,8/13/88,"1,396",8/6/88,"7,059","475,178",1.49
Maine,8/20/88,"1,319",8/13/88,"6,737","475,178",1.42
Maine,8/27/88,"1,153",8/20/88,"6,424","475,178",1.35
Maine,9/3/88,"1,130",8/27/88,"6,316","475,178",1.33
Maine,9/10/88,"1,163",9/3/88,"5,915","475,178",1.24
Maine,9/17/88,"1,472",9/10/88,"5,978","475,178",1.26
Maine,9/24/88,"1,088",9/17/88,"5,359","475,178",1.13
Maine,10/1/88,"1,104",9/24/88,"5,075","475,178",1.07
Maine,10/8/88,"1,233",10/1/88,"4,974","480,911",1.03
Maine,10/15/88,"1,105",10/8/88,"4,711","480,911",0.98
Maine,10/22/88,"1,395",10/15/88,"5,273","480,911",1.1
Maine,10/29/88,"1,432",10/22/88,"5,615","480,911",1.17
Maine,11/5/88,"1,609",10/29/88,"55,735","480,911",11.59
Maine,11/12/88,"1,836",11/5/88,"5,880","480,911",1.22
Maine,11/19/88,"1,923",11/12/88,"6,760","480,911",1.41
Maine,11/26/88,"1,462",11/19/88,"5,759","480,911",1.2
Maine,12/3/88,"2,324",11/26/88,"8,904","480,911",1.85
Maine,12/10/88,"2,480",12/3/88,"8,298","480,911",1.73
Maine,12/17/88,"2,577",12/10/88,"8,634","480,911",1.8
Maine,12/24/88,"2,628",12/17/88,"9,066","480,911",1.89
Maine,12/31/88,"2,542",12/24/88,"9,655","480,911",2.01
Maine,1/7/89,"4,550",12/31/88,"11,698","480,911",2.43
Maine,1/14/89,"3,859",1/7/89,"13,937","486,865",2.86
Maine,1/21/89,"3,417",1/14/89,"14,766","486,865",3.03
Maine,1/28/89,"2,285",1/21/89,"14,672","486,865",3.01
Maine,2/4/89,"2,287",1/28/89,"14,415","486,865",2.96
Maine,2/11/89,"2,312",2/4/89,"14,675","486,865",3.01
Maine,2/18/89,"2,200",2/11/89,"14,577","486,865",2.99
Maine,2/25/89,"1,609",2/18/89,"14,258","486,865",2.93
Maine,3/4/89,"2,136",2/25/89,"15,565","486,865",3.2
Maine,3/11/89,"1,994",3/4/89,"14,996","486,865",3.08
Maine,3/18/89,"2,185",3/11/89,"15,022","486,865",3.09
Maine,3/25/89,"2,273",3/18/89,"15,370","486,865",3.16
Maine,4/1/89,"1,871",3/25/89,"14,114","486,865",2.9
Maine,4/8/89,"2,429",4/1/89,"14,663","486,865",3.01
Maine,4/15/89,"1,947",4/8/89,"14,447","493,044",2.93
Maine,4/22/89,"1,600",4/15/89,"13,643","493,044",2.77
Maine,4/29/89,"1,916",4/22/89,"13,202","493,044",2.68
Maine,5/6/89,"1,667",4/29/89,"12,341","493,044",2.5
Maine,5/13/89,"1,306",5/6/89,"11,748","493,044",2.38
Maine,5/20/89,"1,686",5/13/89,"10,922","493,044",2.22
Maine,5/27/89,"1,362",5/20/89,"10,073","493,044",2.04
Maine,6/3/89,"1,375",5/27/89,"8,974","493,044",1.82
Maine,6/10/89,"1,494",6/3/89,"9,355","493,044",1.9
Maine,6/17/89,"2,030",6/10/89,"9,181","493,044",1.86
Maine,6/24/89,"1,852",6/17/89,"8,701","493,044",1.76
Maine,7/1/89,"1,922",6/24/89,"8,861","493,044",1.8
Maine,7/8/89,"1,638",7/1/89,"8,367","493,044",1.7
Maine,7/15/89,"2,985",7/8/89,"9,751","501,297",1.95
Maine,7/22/89,"4,062",7/15/89,"11,983","501,297",2.39
Maine,7/29/89,"3,426",7/22/89,"11,277","501,297",2.25
Maine,8/5/89,"2,216",7/29/89,"10,322","501,297",2.06
Maine,8/12/89,"1,907",8/5/89,"8,994","501,297",1.79
Maine,8/19/89,"2,020",8/12/89,"8,509","501,297",1.7
Maine,8/26/89,"1,637",8/19/89,"8,509","501,297",1.7
Maine,9/2/89,"1,335",8/26/89,"8,746","501,297",1.74
Maine,9/9/89,"1,547",9/2/89,"8,272","501,297",1.65
Maine,9/16/89,"1,851",9/9/89,"9,124","501,297",1.82
Maine,9/23/89,"1,599",9/16/89,"8,300","501,297",1.66
Maine,9/30/89,"1,506",9/23/89,"7,819","501,297",1.56
Maine,10/7/89,"1,953",9/30/89,"8,217","501,297",1.64
Maine,10/14/89,"1,642",10/7/89,"7,733","507,446",1.52
Maine,10/21/89,"2,276",10/14/89,"8,903","507,446",1.75
Maine,10/28/89,"2,019",10/21/89,"9,141","507,446",1.8
Maine,11/4/89,"2,234",10/28/89,"9,126","507,446",1.8
Maine,11/11/89,"2,545",11/4/89,"10,019","507,446",1.97
Maine,11/18/89,"2,422",11/11/89,"10,706","507,446",2.11
Maine,11/25/89,"1,298",11/18/89,"8,038","507,446",1.58
Maine,12/2/89,"4,252",11/25/89,"13,222","507,446",2.61
Maine,12/9/89,"3,677",12/2/89,"12,691","507,446",2.5
Maine,12/16/89,"3,274",12/9/89,"13,748","507,446",2.71
Maine,12/23/89,"3,064",12/16/89,"14,823","507,446",2.92
Maine,12/30/89,"2,917",12/23/89,"14,770","507,446",2.91
Maine,1/6/90,"6,539",12/30/89,"18,812","507,446",3.71
Maine,1/13/90,"4,438",1/6/90,"19,911","512,498",3.89
Maine,1/20/90,"6,934",1/13/90,"21,459","512,498",4.19
Maine,1/27/90,"3,315",1/20/90,"20,740","512,498",4.05
Maine,2/3/90,"3,413",1/27/90,"21,884","512,498",4.27
Maine,2/10/90,"3,206",2/3/90,"21,897","512,498",4.27
Maine,2/17/90,"3,026",2/10/90,"21,707","512,498",4.24
Maine,2/24/90,"2,306",2/17/90,"20,509","512,498",4
Maine,3/3/90,"3,282",2/24/90,"22,709","512,498",4.43
Maine,3/10/90,"2,691",3/3/90,"22,215","512,498",4.33
Maine,3/17/90,"2,877",3/10/90,"22,030","512,498",4.3
Maine,3/24/90,"2,849",3/17/90,"21,765","512,498",4.25
Maine,3/31/90,"2,836",3/24/90,"22,448","512,498",4.38
Maine,4/7/90,"2,921",3/31/90,"21,496","512,498",4.19
Maine,4/14/90,"2,888",4/7/90,"20,095","515,762",3.9
Maine,4/21/90,"2,175",4/14/90,"19,278","515,762",3.74
Maine,4/28/90,"2,860",4/21/90,"20,852","515,762",4.04
Maine,5/5/90,"2,394",4/28/90,"18,727","515,762",3.63
Maine,5/12/90,"2,165",5/5/90,"17,260","515,762",3.35
Maine,5/19/90,"1,999",5/12/90,"15,614","515,762",3.03
Maine,5/26/90,"2,288",5/19/90,"15,660","515,762",3.04
Maine,6/2/90,"1,906",5/26/90,"14,066","515,762",2.73
Maine,6/9/90,"2,234",6/2/90,"14,657","515,762",2.84
Maine,6/16/90,"2,417",6/9/90,"14,152","515,762",2.74
Maine,6/23/90,"2,130",6/16/90,"13,766","515,762",2.67
Maine,6/30/90,"1,781",6/23/90,"13,801","515,762",2.68
Maine,7/7/90,"1,882",6/30/90,"12,253","515,762",2.38
Maine,7/14/90,"3,450",7/7/90,"14,881","515,646",2.89
Maine,7/21/90,"3,699",7/14/90,"15,057","515,646",2.92
Maine,7/28/90,"4,238",7/21/90,"16,250","515,646",3.15
Maine,8/4/90,"2,416",7/28/90,"13,648","515,646",2.65
Maine,8/11/90,"2,035",8/4/90,"13,001","515,646",2.52
Maine,8/18/90,"1,834",8/11/90,"12,708","515,646",2.46
Maine,8/25/90,"1,809",8/18/90,"12,360","515,646",2.4
Maine,9/1/90,"2,179",8/25/90,"11,834","515,646",2.29
Maine,9/8/90,"2,179",9/1/90,"11,834","515,646",2.29
Maine,9/15/90,"2,507",9/8/90,"12,628","515,646",2.45
Maine,9/22/90,"2,112",9/15/90,"11,838","515,646",2.3
Maine,9/29/90,"2,082",9/22/90,"12,180","515,646",2.36
Maine,10/6/90,"2,907",9/29/90,"11,961","515,646",2.32
Maine,10/13/90,"2,455",10/6/90,"12,133","515,550",2.35
Maine,10/20/90,"3,149",10/13/90,"13,205","515,550",2.56
Maine,10/27/90,"3,233",10/20/90,"14,503","515,550",2.81
Maine,11/3/90,"3,425",10/27/90,"15,299","515,550",2.97
Maine,11/10/90,"4,093",11/3/90,"16,669","515,550",3.23
Maine,11/17/90,"3,332",11/10/90,"16,861","515,550",3.27
Maine,11/24/90,"2,657",11/17/90,"15,874","515,550",3.08
Maine,12/1/90,"4,566",11/24/90,"22,617","515,550",4.39
Maine,12/8/90,"4,666",12/1/90,"21,256","515,550",4.12
Maine,12/15/90,"4,437",12/8/90,"21,896","515,550",4.25
Maine,12/22/90,"3,877",12/15/90,"23,172","515,550",4.49
Maine,12/29/90,"3,358",12/22/90,"22,289","515,550",4.32
Maine,1/5/91,"5,928",12/29/90,"25,500","515,550",4.95
Maine,1/12/91,"8,312",1/5/91,"32,844","514,835",6.38
Maine,1/19/91,"5,620",1/12/91,"33,042","514,835",6.42
Maine,1/26/91,"4,809",1/19/91,"32,258","514,835",6.27
Maine,2/2/91,"4,016",1/26/91,"33,789","514,835",6.56
Maine,2/9/91,"4,478",2/2/91,"34,521","514,835",6.71
Maine,2/16/91,"3,807",2/9/91,"35,919","514,835",6.98
Maine,2/23/91,"2,794",2/16/91,"34,796","514,835",6.76
Maine,3/2/91,"3,601",2/23/91,"37,485","514,835",7.28
Maine,3/9/91,"3,712",3/2/91,"37,783","514,835",7.34
Maine,3/16/91,"3,479",3/9/91,"38,580","514,835",7.49
Maine,3/23/91,"3,669",3/16/91,"37,843","514,835",7.35
Maine,3/30/91,"2,877",3/23/91,"36,814","514,835",7.15
Maine,4/6/91,"4,270",3/30/91,"36,392","514,835",7.07
Maine,4/13/91,"3,064",4/6/91,"35,813","512,748",6.98
Maine,4/20/91,"2,402",4/13/91,"33,708","512,748",6.57
Maine,4/27/91,"3,052",4/20/91,"34,617","512,748",6.75
Maine,5/4/91,"3,200",4/27/91,"33,151","512,748",6.47
Maine,5/11/91,"2,655",5/4/91,"30,233","512,748",5.9
Maine,5/18/91,"2,488",5/11/91,"28,759","512,748",5.61
Maine,5/25/91,"2,169",5/18/91,"26,843","512,748",5.24
Maine,6/1/91,"1,907",5/25/91,"23,828","512,748",4.65
Maine,6/8/91,"2,423",6/1/91,"24,927","512,748",4.86
Maine,6/15/91,"2,233",6/8/91,"23,282","512,748",4.54
Maine,6/22/91,"2,850",6/15/91,"22,169","512,748",4.32
Maine,6/29/91,"2,805",6/22/91,"22,176","512,748",4.32
Maine,7/6/91,"3,053",6/29/91,"19,690","512,748",3.84
Maine,7/13/91,"11,758",7/6/91,"29,694","509,610",5.83
Maine,7/20/91,"4,015",7/13/91,"23,386","509,610",4.59
Maine,7/27/91,"3,188",7/20/91,"21,964","509,610",4.31
Maine,8/3/91,"2,626",7/27/91,"20,186","509,610",3.96
Maine,8/10/91,"2,705",8/3/91,"19,792","509,610",3.88
Maine,8/17/91,"2,242",8/10/91,"18,359","509,610",3.6
Maine,8/24/91,"2,006",8/17/91,"18,026","509,610",3.54
Maine,8/31/91,"2,140",8/24/91,"17,540","509,610",3.44
Maine,9/7/91,"2,534",8/31/91,"15,559","509,610",3.05
Maine,9/14/91,"2,777",9/7/91,"16,216","509,610",3.18
Maine,9/21/91,"2,282",9/14/91,"15,948","509,610",3.13
Maine,9/28/91,"2,518",9/21/91,"15,293","509,610",3
Maine,10/5/91,"2,744",9/28/91,"15,399","509,610",3.02
Maine,10/12/91,"2,438",10/5/91,"15,240","503,802",3.02
Maine,10/19/91,"2,419",10/12/91,"15,611","503,802",3.1
Maine,10/26/91,"2,730",10/19/91,"16,000","503,802",3.18
Maine,11/2/91,"3,026",10/26/91,"15,953","503,802",3.17
Maine,11/9/91,"3,777",11/2/91,"17,967","503,802",3.57
Maine,11/16/91,"2,982",11/9/91,"17,346","503,802",3.44
Maine,11/23/91,"4,185",11/16/91,"19,578","503,802",3.89
Maine,11/30/91,"4,740",11/23/91,"17,736","503,802",3.52
Maine,12/7/91,"6,987",11/30/91,"22,046","503,802",4.38
Maine,12/14/91,"4,729",12/7/91,"22,970","503,802",4.56
Maine,12/21/91,"4,743",12/14/91,"25,774","503,802",5.12
Maine,12/28/91,"3,419",12/21/91,"21,267","503,802",4.22
Maine,1/4/92,"6,172",12/28/91,"31,147","503,802",6.18
Maine,1/11/92,"7,213",1/4/92,"31,449","496,882",6.33
Maine,1/18/92,"6,939",1/11/92,"34,518","496,882",6.95
Maine,1/25/92,"3,450",1/18/92,"28,823","496,882",5.8
Maine,2/1/92,"4,998",1/25/92,"33,010","496,882",6.64
Maine,2/8/92,"3,140",2/1/92,"30,093","496,882",6.06
Maine,2/15/92,"3,412",2/8/92,"30,702","496,882",6.18
Maine,2/22/92,"2,571",2/15/92,"28,565","496,882",5.75
Maine,2/29/92,"4,266",2/22/92,"33,428","496,882",6.73
Maine,3/7/92,"2,576",2/29/92,"28,631","496,882",5.76
Maine,3/14/92,"2,966",3/7/92,"30,708","496,882",6.18
Maine,3/21/92,"2,755",3/14/92,"29,389","496,882",5.91
Maine,3/28/92,"2,668",3/21/92,"28,911","496,882",5.82
Maine,4/4/92,"3,153",3/28/92,"27,596","496,882",5.55
Maine,4/11/92,"2,352",4/4/92,"26,940","491,241",5.48
Maine,4/18/92,"2,365",4/11/92,"26,632","491,241",5.42
Maine,4/25/92,"2,015",4/18/92,"25,388","491,241",5.17
Maine,5/2/92,"2,533",4/25/92,"25,214","491,241",5.13
Maine,5/9/92,"2,202",5/2/92,"23,091","491,241",4.7
Maine,5/16/92,"2,087",5/9/92,"21,223","491,241",4.32
Maine,5/23/92,"2,109",5/16/92,"19,920","491,241",4.06
Maine,5/30/92,"2,002",5/23/92,"18,540","491,241",3.77
Maine,6/6/92,"2,004",5/30/92,"17,150","491,241",3.49
Maine,6/13/92,"2,052",6/6/92,"16,845","491,241",3.43
Maine,6/20/92,"2,114",6/13/92,"15,997","491,241",3.26
Maine,6/27/92,"2,096",6/20/92,"15,399","491,241",3.13
Maine,7/4/92,"2,122",6/27/92,"14,612","491,241",2.97
Maine,7/11/92,"2,458",7/4/92,"14,416","486,804",2.96
Maine,7/18/92,"2,970",7/11/92,"16,099","486,804",3.31
Maine,7/25/92,"2,911",7/18/92,"16,250","486,804",3.34
Maine,8/1/92,"2,588",7/25/92,"15,417","486,804",3.17
Maine,8/8/92,"1,619",8/1/92,"13,352","486,804",2.74
Maine,8/15/92,"1,503",8/8/92,"13,202","486,804",2.71
Maine,8/22/92,"1,823",8/15/92,"13,047","486,804",2.68
Maine,8/29/92,"1,397",8/22/92,"11,629","486,804",2.39
Maine,9/5/92,"1,704",8/29/92,"10,987","486,804",2.26
Maine,9/12/92,"1,389",9/5/92,"9,817","486,804",2.02
Maine,9/19/92,"1,607",9/12/92,"10,121","486,804",2.08
Maine,9/26/92,"1,443",9/19/92,"9,401","486,804",1.93
Maine,10/3/92,"1,544",9/26/92,"9,530","486,804",1.96
Maine,10/10/92,"1,924",10/3/92,"9,667","483,854",2
Maine,10/17/92,"1,460",10/10/92,"9,232","483,854",1.91
Maine,10/24/92,"1,987",10/17/92,"10,494","483,854",2.17
Maine,10/31/92,"2,547",10/24/92,"11,196","483,854",2.31
Maine,11/7/92,"2,209",10/31/92,"10,824","483,854",2.24
Maine,11/14/92,"2,002",11/7/92,"11,490","483,854",2.37
Maine,11/21/92,"2,493",11/14/92,"13,021","483,854",2.69
Maine,11/28/92,"1,762",11/21/92,"11,475","483,854",2.37
Maine,12/5/92,"2,775",11/28/92,"14,381","483,854",2.97
Maine,12/12/92,"2,806",12/5/92,"14,888","483,854",3.08
Maine,12/19/92,"2,578",12/12/92,"15,224","483,854",3.15
Maine,12/26/92,"2,927",12/19/92,"15,645","483,854",3.23
Maine,1/2/93,"2,878",12/26/92,"16,322","483,854",3.37
Maine,1/9/93,"3,861",1/2/93,"17,754","483,320",3.67
Maine,1/16/93,"4,271",1/9/93,"19,774","483,320",4.09
Maine,1/23/93,"3,113",1/16/93,"19,309","483,320",4
Maine,1/30/93,"3,565",1/23/93,"21,280","483,320",4.4
Maine,2/6/93,"2,214",1/30/93,"19,620","483,320",4.06
Maine,2/13/93,"2,167",2/6/93,"19,819","483,320",4.1
Maine,2/20/93,"1,686",2/13/93,"18,887","483,320",3.91
Maine,2/27/93,"2,411",2/20/93,"20,835","483,320",4.31
Maine,3/6/93,"1,892",2/27/93,"19,036","483,320",3.94
Maine,3/13/93,"1,922",3/6/93,"19,676","483,320",4.07
Maine,3/20/93,"2,244",3/13/93,"19,502","483,320",4.04
Maine,3/27/93,"2,291",3/20/93,"19,648","483,320",4.07
Maine,4/3/93,"2,478",3/27/93,"19,485","483,320",4.03
Maine,4/10/93,"2,481",4/3/93,"19,910","484,259",4.11
Maine,4/17/93,"2,057",4/10/93,"18,820","484,259",3.89
Maine,4/24/93,"1,809",4/17/93,"17,647","484,259",3.64
Maine,5/1/93,"2,454",4/24/93,"17,820","484,259",3.68
Maine,5/8/93,"1,950",5/1/93,"15,591","484,259",3.22
Maine,5/15/93,"1,918",5/8/93,"14,852","484,259",3.07
Maine,5/22/93,"1,815",5/15/93,"13,879","484,259",2.87
Maine,5/29/93,"1,799",5/22/93,"12,968","484,259",2.68
Maine,6/5/93,"1,588",5/29/93,"11,986","484,259",2.48
Maine,6/12/93,"1,831",6/5/93,"12,932","484,259",2.67
Maine,6/19/93,"1,819",6/12/93,"12,088","484,259",2.5
Maine,6/26/93,"1,839",6/19/93,"11,689","484,259",2.41
Maine,7/3/93,"1,753",6/26/93,"11,449","484,259",2.36
Maine,7/10/93,"1,557",7/3/93,"10,688","486,136",2.2
Maine,7/17/93,"2,123",7/10/93,"11,493","486,136",2.36
Maine,7/24/93,"1,971",7/17/93,"11,547","486,136",2.38
Maine,7/31/93,"1,815",7/24/93,"11,526","486,136",2.37
Maine,8/7/93,"1,661",7/31/93,"10,541","486,136",2.17
Maine,8/14/93,"1,483",8/7/93,"10,408","486,136",2.14
Maine,8/21/93,"1,379",8/14/93,"9,878","486,136",2.03
Maine,8/28/93,"1,383",8/21/93,"9,526","486,136",1.96
Maine,9/4/93,"1,483",8/28/93,"9,327","486,136",1.92
Maine,9/11/93,"1,485",9/4/93,"8,964","486,136",1.84
Maine,9/18/93,"1,500",9/11/93,"9,418","486,136",1.94
Maine,9/25/93,"1,261",9/18/93,"8,724","486,136",1.79
Maine,10/2/93,"1,670",9/25/93,"8,614","486,136",1.77
Maine,10/9/93,"1,576",10/2/93,"8,485","487,482",1.74
Maine,10/16/93,"1,476",10/9/93,"8,479","487,482",1.74
Maine,10/23/93,"1,994",10/16/93,"9,422","487,482",1.93
Maine,10/30/93,"2,035",10/23/93,"9,952","487,482",2.04
Maine,11/6/93,"2,328",10/30/93,"10,451","487,482",2.14
Maine,11/13/93,"1,960",11/6/93,"11,184","487,482",2.29
Maine,11/20/93,"2,418",11/13/93,"12,945","487,482",2.66
Maine,11/27/93,"2,054",11/20/93,"12,020","487,482",2.47
Maine,12/4/93,"3,052",11/27/93,"14,202","487,482",2.91
Maine,12/11/93,"2,998",12/4/93,"14,996","487,482",3.08
Maine,12/18/93,"2,872",12/11/93,"15,397","487,482",3.16
Maine,12/25/93,"2,450",12/18/93,"15,441","487,482",3.17
Maine,1/1/94,"2,855",12/25/93,"16,008","487,482",3.28
Maine,1/8/94,"3,963",1/1/94,"17,996","489,608",3.68
Maine,1/15/94,"4,498",1/8/94,"21,158","489,608",4.32
Maine,1/22/94,"2,536",1/15/94,"20,231","489,608",4.13
Maine,1/29/94,"2,737",1/22/94,"21,900","489,608",4.47
Maine,2/5/94,"2,814",1/29/94,"21,887","489,608",4.47
Maine,2/12/94,"2,150",2/5/94,"22,661","489,608",4.63
Maine,2/19/94,"2,073",2/12/94,"22,751","489,608",4.65
Maine,2/26/94,"1,358",2/19/94,"21,205","489,608",4.33
Maine,3/5/94,"2,756",2/26/94,"23,060","489,608",4.71
Maine,3/12/94,"1,659",3/5/94,"22,691","489,608",4.63
Maine,3/19/94,"1,820",3/12/94,"22,402","489,608",4.58
Maine,3/26/94,"1,861",3/19/94,"21,896","489,608",4.47
Maine,4/2/94,"2,281",3/26/94,"21,902","489,608",4.47
Maine,4/9/94,"2,256",4/2/94,"21,015","491,368",4.28
Maine,4/16/94,"2,067",4/9/94,"20,384","491,368",4.15
Maine,4/23/94,"1,608",4/16/94,"18,950","491,368",3.86
Maine,4/30/94,"2,042",4/23/94,"18,321","491,368",3.73
Maine,5/7/94,"1,530",4/30/94,"16,951","491,368",3.45
Maine,5/14/94,"1,779",5/7/94,"16,503","491,368",3.36
Maine,5/21/94,"1,746",5/14/94,"16,039","491,368",3.26
Maine,5/28/94,"1,641",5/21/94,"14,849","491,368",3.02
Maine,6/4/94,"1,742",5/28/94,"13,817","491,368",2.81
Maine,6/11/94,"2,067",6/4/94,"14,414","491,368",2.93
Maine,6/18/94,"1,857",6/11/94,"13,814","491,368",2.81
Maine,6/25/94,"1,962",6/18/94,"13,603","491,368",2.77
Maine,7/2/94,"1,727",6/25/94,"13,498","491,368",2.75
Maine,7/9/94,"1,613",7/2/94,"12,674","494,014",2.57
Maine,7/16/94,"2,661",7/9/94,"14,349","494,014",2.9
Maine,7/23/94,"2,618",7/16/94,"14,466","494,014",2.93
Maine,7/30/94,"1,721",7/23/94,"13,030","494,014",2.64
Maine,8/6/94,"1,414",7/30/94,"11,894","494,014",2.41
Maine,8/13/94,"1,701",8/6/94,"11,938","494,014",2.42
Maine,8/20/94,"1,477",8/13/94,"11,486","494,014",2.33
Maine,8/27/94,"1,615",8/20/94,"10,925","494,014",2.21
Maine,9/3/94,"1,427",8/27/94,"10,933","494,014",2.21
Maine,9/10/94,"1,519",9/3/94,"9,910","494,014",2.01
Maine,9/17/94,"1,786",9/10/94,"10,451","494,014",2.12
Maine,9/24/94,"1,474",9/17/94,"9,539","494,014",1.93
Maine,10/1/94,"1,742",9/24/94,"9,592","494,014",1.94
Maine,10/8/94,"2,238",10/1/94,"9,653","497,634",1.94
Maine,10/15/94,"1,643",10/8/94,"9,302","497,634",1.87
Maine,10/22/94,"1,893",10/15/94,"10,025","497,634",2.01
Maine,10/29/94,"2,258",10/22/94,"10,179","497,634",2.05
Maine,11/5/94,"1,758",10/29/94,"10,278","497,634",2.07
Maine,11/12/94,"2,239",11/5/94,"11,485","497,634",2.31
Maine,11/19/94,"1,959",11/12/94,"11,712","497,634",2.35
Maine,11/26/94,"1,940",11/19/94,"11,886","497,634",2.39
Maine,12/3/94,"2,959",11/26/94,"13,642","497,634",2.74
Maine,12/10/94,"3,224",12/3/94,"14,677","497,634",2.95
Maine,12/17/94,"2,598",12/10/94,"14,623","497,634",2.94
Maine,12/24/94,"2,683",12/17/94,"15,449","497,634",3.1
Maine,12/31/94,"3,167",12/24/94,"16,107","497,634",3.24
Maine,1/7/95,"3,884",12/31/94,"17,001","497,634",3.42
Maine,1/14/95,"4,809",1/7/95,"20,759","500,776",4.15
Maine,1/21/95,"2,833",1/14/95,"20,334","500,776",4.06
Maine,1/28/95,"2,654",1/21/95,"22,041","500,776",4.4
Maine,2/4/95,"2,311",1/28/95,"21,426","500,776",4.28
Maine,2/11/95,"2,465",2/4/95,"21,445","500,776",4.28
Maine,2/18/95,"2,291",2/11/95,"22,033","500,776",4.4
Maine,2/25/95,"1,564",2/18/95,"21,268","500,776",4.25
Maine,3/4/95,"2,347",2/25/95,"22,155","500,776",4.42
Maine,3/11/95,"2,074",3/4/95,"22,076","500,776",4.41
Maine,3/18/95,"1,958",3/11/95,"21,367","500,776",4.27
Maine,3/25/95,"1,985",3/18/95,"21,042","500,776",4.2
Maine,4/1/95,"2,482",3/25/95,"21,006","500,776",4.19
Maine,4/8/95,"1,894",4/1/95,"19,425","500,776",3.88
Maine,4/15/95,"2,070",4/8/95,"20,044","504,228",3.98
Maine,4/22/95,"1,568",4/15/95,"18,273","504,228",3.62
Maine,4/29/95,"2,037",4/22/95,"18,617","504,228",3.69
Maine,5/6/95,"1,728",4/29/95,"17,195","504,228",3.41
Maine,5/13/95,"1,644",5/6/95,"15,785","504,228",3.13
Maine,5/20/95,"1,656",5/13/95,"14,674","504,228",2.91
Maine,5/27/95,"1,612",5/20/95,"14,121","504,228",2.8
Maine,6/3/95,"1,595",5/27/95,"12,548","504,228",2.49
Maine,6/10/95,"1,991",6/3/95,"13,827","504,228",2.74
Maine,6/17/95,"1,726",6/10/95,"12,967","504,228",2.57
Maine,6/24/95,"1,708",6/17/95,"12,556","504,228",2.49
Maine,7/1/95,"1,859",6/24/95,"12,833","504,228",2.55
Maine,7/8/95,"1,534",7/1/95,"11,276","504,228",2.24
Maine,7/15/95,"2,172",7/8/95,"13,328","507,606",2.63
Maine,7/22/95,"2,795",7/15/95,"13,765","507,606",2.71
Maine,7/29/95,"2,231",7/22/95,"13,392","507,606",2.64
Maine,8/5/95,"1,754",7/29/95,"12,225","507,606",2.41
Maine,8/12/95,"1,431",8/5/95,"11,619","507,606",2.29
Maine,8/19/95,"1,475",8/12/95,"11,292","507,606",2.22
Maine,8/26/95,"1,534",8/19/95,"10,958","507,606",2.16
Maine,9/2/95,"2,304",8/26/95,"11,153","507,606",2.2
Maine,9/9/95,"1,809",9/2/95,"10,108","507,606",1.99
Maine,9/16/95,"2,111",9/9/95,"10,562","507,606",2.08
Maine,9/23/95,"1,452",9/16/95,"9,609","507,606",1.89
Maine,9/30/95,"1,508",9/23/95,"9,592","507,606",1.89
Maine,10/7/95,"1,945",9/30/95,"9,144","507,606",1.8
Maine,10/14/95,"1,680",10/7/95,"9,318","510,724",1.82
Maine,10/21/95,"1,871",10/14/95,"9,368","510,724",1.83
Maine,10/28/95,"2,238",10/21/95,"10,105","510,724",1.98
Maine,11/4/95,"2,529",10/28/95,"10,638","510,724",2.08
Maine,11/11/95,"2,803",11/4/95,"11,816","510,724",2.31
Maine,11/18/95,"2,542",11/11/95,"11,944","510,724",2.34
Maine,11/25/95,"2,262",11/18/95,"12,251","510,724",2.4
Maine,12/2/95,"3,539",11/25/95,"14,766","510,724",2.89
Maine,12/9/95,"3,402",12/2/95,"15,070","510,724",2.95
Maine,12/16/95,"2,819",12/9/95,"15,377","510,724",3.01
Maine,12/23/95,"2,463",12/16/95,"15,529","510,724",3.04
Maine,12/30/95,"3,146",12/23/95,"16,515","510,724",3.23
Maine,1/6/96,"3,174",12/30/95,"16,488","510,724",3.23
Maine,1/13/96,"4,813",1/6/96,"21,691","513,677",4.22
Maine,1/20/96,"2,998",1/13/96,"20,366","513,677",3.96
Maine,1/27/96,"2,853",1/20/96,"22,016","513,677",4.29
Maine,2/3/96,"2,313",1/27/96,"21,713","513,677",4.23
Maine,2/10/96,"2,393",2/3/96,"22,159","513,677",4.31
Maine,2/17/96,"2,078",2/10/96,"22,169","513,677",4.32
Maine,2/24/96,"1,989",2/17/96,"21,400","513,677",4.17
Maine,3/2/96,"2,690",2/24/96,"23,034","513,677",4.48
Maine,3/9/96,"1,938",3/2/96,"22,136","513,677",4.31
Maine,3/16/96,"1,984",3/9/96,"21,549","513,677",4.2
Maine,3/23/96,"1,918",3/16/96,"21,197","513,677",4.13
Maine,3/30/96,"1,820",3/23/96,"20,570","513,677",4
Maine,4/6/96,"2,119",3/30/96,"20,085","513,677",3.91
Maine,4/13/96,"1,931",4/6/96,"19,356","514,395",3.76
Maine,4/20/96,"1,952",4/13/96,"18,784","514,395",3.65
Maine,4/27/96,"2,722",4/20/96,"19,027","514,395",3.7
Maine,5/4/96,"1,902",4/27/96,"17,115","514,395",3.33
Maine,5/11/96,"1,647",5/4/96,"15,791","514,395",3.07
Maine,5/18/96,"1,568",5/11/96,"14,690","514,395",2.86
Maine,5/25/96,"1,635",5/18/96,"13,671","514,395",2.66
Maine,6/1/96,"1,527",5/25/96,"13,214","514,395",2.57
Maine,6/8/96,"1,679",6/1/96,"12,607","514,395",2.45
Maine,6/15/96,"1,517",6/8/96,"11,627","514,395",2.26
Maine,6/22/96,"1,990",6/15/96,"12,957","514,395",2.52
Maine,6/29/96,"1,648",6/22/96,"12,385","514,395",2.41
Maine,7/6/96,"1,192",6/29/96,"10,752","514,395",2.09
Maine,7/13/96,"2,027",7/6/96,"12,522","514,470",2.43
Maine,7/20/96,"2,821",7/13/96,"13,397","514,470",2.6
Maine,7/27/96,"1,903",7/20/96,"12,320","514,470",2.39
Maine,8/3/96,"1,416",7/27/96,"11,632","514,470",2.26
Maine,8/10/96,"1,620",8/3/96,"11,300","514,470",2.2
Maine,8/17/96,"1,174",8/10/96,"10,645","514,470",2.07
Maine,8/24/96,"1,384",8/17/96,"10,612","514,470",2.06
Maine,8/31/96,"1,364",8/24/96,"10,144","514,470",1.97
Maine,9/7/96,"1,329",8/31/96,"9,027","514,470",1.75
Maine,9/14/96,"1,550",9/7/96,"9,497","514,470",1.85
Maine,9/21/96,"1,242",9/14/96,"8,778","514,470",1.71
Maine,9/28/96,"1,257",9/21/96,"8,664","514,470",1.68
Maine,10/5/96,"1,421",9/28/96,"8,510","514,470",1.65
Maine,10/12/96,"1,487",10/5/96,"8,661","515,078",1.68
Maine,10/19/96,"1,578",10/12/96,"8,307","515,078",1.61
Maine,10/26/96,"1,849",10/19/96,"9,338","515,078",1.81
Maine,11/2/96,"2,451",10/26/96,"10,148","515,078",1.97
Maine,11/9/96,"2,016",11/2/96,"10,621","515,078",2.06
Maine,11/16/96,"1,827",11/9/96,"10,476","515,078",2.03
Maine,11/23/96,"2,045",11/16/96,"11,321","515,078",2.2
Maine,11/30/96,"1,727",11/23/96,"11,085","515,078",2.15
Maine,12/7/96,"2,850",11/30/96,"12,363","515,078",2.4
Maine,12/14/96,"2,511",12/7/96,"13,482","515,078",2.62
Maine,12/21/96,"2,286",12/14/96,"14,408","515,078",2.8
Maine,12/28/96,"2,174",12/21/96,"13,719","515,078",2.66
Maine,1/4/97,"3,362",12/28/96,"15,435","515,078",3
Maine,1/11/97,"5,318",1/4/97,"19,810","515,628",3.84
Maine,1/18/97,"2,716",1/11/97,"20,387","515,628",3.95
Maine,1/25/97,"2,371",1/18/97,"19,649","515,628",3.81
Maine,2/1/97,"2,333",1/25/97,"21,166","515,628",4.1
Maine,2/8/97,"1,821",2/1/97,"19,904","515,628",3.86
Maine,2/15/97,"1,834",2/8/97,"20,940","515,628",4.06
Maine,2/22/97,"1,395",2/15/97,"19,916","515,628",3.86
Maine,3/1/97,"2,319",2/22/97,"21,558","515,628",4.18
Maine,3/8/97,"1,378",3/1/97,"19,519","515,628",3.79
Maine,3/15/97,"1,564",3/8/97,"19,560","515,628",3.79
Maine,3/22/97,"1,677",3/15/97,"19,400","515,628",3.76
Maine,3/29/97,"1,586",3/22/97,"18,706","515,628",3.63
Maine,4/5/97,"1,882",3/29/97,"17,944","515,628",3.48
Maine,4/12/97,"2,002",4/5/97,"18,437","517,613",3.56
Maine,4/19/97,"1,802",4/12/97,"17,676","517,613",3.41
Maine,4/26/97,"1,283",4/19/97,"15,820","517,613",3.06
Maine,5/3/97,"1,616",4/26/97,"16,084","517,613",3.11
Maine,5/10/97,"1,402",5/3/97,"14,210","517,613",2.75
Maine,5/17/97,"1,279",5/10/97,"13,085","517,613",2.53
Maine,5/24/97,"1,257",5/17/97,"12,233","517,613",2.36
Maine,5/31/97,"1,274",5/24/97,"12,655","517,613",2.44
Maine,6/7/97,"1,152",5/31/97,"9,954","517,613",1.92
Maine,6/14/97,"1,379",6/7/97,"10,462","517,613",2.02
Maine,6/21/97,"1,267",6/14/97,"10,548","517,613",2.04
Maine,6/28/97,"1,090",6/21/97,"10,085","517,613",1.95
Maine,7/5/97,957,6/28/97,"9,936","517,613",1.92
Maine,7/12/97,"1,190",7/5/97,"9,380","520,095",1.8
Maine,7/19/97,"1,143",7/12/97,"10,142","520,095",1.95
Maine,7/26/97,"1,263",7/19/97,"10,007","520,095",1.92
Maine,8/2/97,"1,253",7/26/97,"9,951","520,095",1.91
Maine,8/9/97,"1,056",8/2/97,"9,453","520,095",1.82
Maine,8/16/97,899,8/9/97,"8,831","520,095",1.7
Maine,8/23/97,935,8/16/97,"8,678","520,095",1.67
Maine,8/30/97,991,8/23/97,"8,829","520,095",1.7
Maine,9/6/97,805,8/30/97,"6,423","520,095",1.23
Maine,9/13/97,"1,023",9/6/97,"7,801","520,095",1.5
Maine,9/20/97,942,9/13/97,"7,346","520,095",1.41
Maine,9/27/97,864,9/20/97,"6,971","520,095",1.34
Maine,10/4/97,"1,070",9/27/97,"6,729","520,095",1.29
Maine,10/11/97,"1,005",10/4/97,"6,805","522,117",1.3
Maine,10/18/97,"1,095",10/11/97,"6,566","522,117",1.26
Maine,10/25/97,"1,455",10/18/97,"7,188","522,117",1.38
Maine,11/1/97,"1,865",10/25/97,"8,006","522,117",1.53
Maine,11/8/97,"1,551",11/1/97,"7,401","522,117",1.42
Maine,11/15/97,"1,548",11/8/97,"7,544","522,117",1.44
Maine,11/22/97,"1,776",11/15/97,"10,182","522,117",1.95
Maine,11/29/97,"1,786",11/22/97,"9,139","522,117",1.75
Maine,12/6/97,"2,233",11/29/97,"11,340","522,117",2.17
Maine,12/13/97,"2,070",12/6/97,"12,176","522,117",2.33
Maine,12/20/97,"2,005",12/13/97,"12,894","522,117",2.47
Maine,12/27/97,"1,988",12/20/97,"11,688","522,117",2.24
Maine,1/3/98,"2,295",12/27/97,"12,943","522,117",2.48
Maine,1/10/98,"2,567",1/3/98,"14,811","528,041",2.8
Maine,1/17/98,"2,306",1/10/98,"14,193","528,041",2.69
Maine,1/24/98,"4,585",1/17/98,"20,544","528,041",3.89
Maine,1/31/98,"3,306",1/24/98,"23,532","528,041",4.46
Maine,2/7/98,"1,934",1/31/98,"17,211","528,041",3.26
Maine,2/14/98,"1,915",2/7/98,"18,357","528,041",3.48
Maine,2/21/98,"1,563",2/14/98,"15,938","528,041",3.02
Maine,2/28/98,"1,699",2/21/98,"19,756","528,041",3.74
Maine,3/7/98,"1,436",2/28/98,"17,060","528,041",3.23
Maine,3/14/98,"1,430",3/7/98,"17,634","528,041",3.34
Maine,3/21/98,"1,240",3/14/98,"16,837","528,041",3.19
Maine,3/28/98,"1,414",3/21/98,"16,475","528,041",3.12
Maine,4/4/98,"1,614",3/28/98,"15,562","528,041",2.95
Maine,4/11/98,"1,403",4/4/98,"15,367","527,602",2.91
Maine,4/18/98,"1,171",4/11/98,"14,539","527,602",2.76
Maine,4/25/98,"1,005",4/18/98,"12,606","527,602",2.39
Maine,5/2/98,"1,066",4/25/98,"13,076","527,602",2.48
Maine,5/9/98,"1,075",5/2/98,"11,421","527,602",2.16
Maine,5/16/98,"1,060",5/9/98,"10,780","527,602",2.04
Maine,5/23/98,"1,211",5/16/98,"9,819","527,602",1.86
Maine,5/30/98,"1,074",5/23/98,"9,723","527,602",1.84
Maine,6/6/98,863,5/30/98,"8,646","527,602",1.64
Maine,6/13/98,929,6/6/98,"9,036","527,602",1.71
Maine,6/20/98,"1,092",6/13/98,"8,911","527,602",1.69
Maine,6/27/98,"1,293",6/20/98,"8,664","527,602",1.64
Maine,7/4/98,"1,225",6/27/98,"8,682","527,602",1.65
Maine,7/11/98,"1,068",7/4/98,"8,361","531,052",1.57
Maine,7/18/98,"1,368",7/11/98,"9,445","531,052",1.78
Maine,7/25/98,"1,306",7/18/98,"9,723","531,052",1.83
Maine,8/1/98,"1,213",7/25/98,"9,740","531,052",1.83
Maine,8/8/98,"1,302",8/1/98,"8,026","531,052",1.51
Maine,8/15/98,952,8/8/98,"8,012","531,052",1.51
Maine,8/22/98,949,8/15/98,"8,123","531,052",1.53
Maine,8/29/98,878,8/22/98,"7,766","531,052",1.46
Maine,9/5/98,977,8/29/98,"7,037","531,052",1.33
Maine,9/12/98,725,9/5/98,"6,241","531,052",1.18
Maine,9/19/98,"1,027",9/12/98,"6,994","531,052",1.32
Maine,9/26/98,797,9/19/98,"6,626","531,052",1.25
Maine,10/3/98,908,9/26/98,"5,889","531,052",1.11
Maine,10/10/98,"1,008",10/3/98,"6,174","534,328",1.16
Maine,10/17/98,987,10/10/98,"5,745","534,328",1.08
Maine,10/24/98,"1,346",10/17/98,"6,695","534,328",1.25
Maine,10/31/98,"1,752",10/24/98,"7,315","534,328",1.37
Maine,11/7/98,"1,485",10/31/98,"7,423","534,328",1.39
Maine,11/14/98,"1,305",11/7/98,"7,432","534,328",1.39
Maine,11/21/98,"1,645",11/14/98,"9,145","534,328",1.71
Maine,11/28/98,"1,617",11/21/98,"8,597","534,328",1.61
Maine,12/5/98,"2,025",11/28/98,"5,874","534,328",1.1
Maine,12/12/98,"2,429",12/5/98,"9,430","534,328",1.76
Maine,12/19/98,"2,480",12/12/98,"10,845","534,328",2.03
Maine,12/26/98,"3,009",12/19/98,"11,388","534,328",2.13
Maine,1/2/99,"2,917",12/26/98,"10,844","534,328",2.03
Maine,1/9/99,"2,886",1/2/99,"12,550","538,302",2.33
Maine,1/16/99,"3,127",1/9/99,"14,498","538,302",2.69
Maine,1/23/99,"2,291",1/16/99,"12,087","538,302",2.25
Maine,1/30/99,"2,790",1/23/99,"17,329","538,302",3.22
Maine,2/6/99,"1,765",1/30/99,"13,992","538,302",2.6
Maine,2/13/99,"2,037",2/6/99,"15,448","538,302",2.87
Maine,2/20/99,"1,630",2/13/99,"13,662","538,302",2.54
Maine,2/27/99,"1,867",2/20/99,"17,344","538,302",3.22
Maine,3/6/99,"1,404",2/27/99,"13,536","538,302",2.51
Maine,3/13/99,"1,433",3/6/99,"14,102","538,302",2.62
Maine,3/20/99,"1,324",3/13/99,"13,501","538,302",2.51
Maine,3/27/99,"1,533",3/20/99,"13,162","538,302",2.45
Maine,4/3/99,"1,757",3/27/99,"14,156","538,302",2.63
Maine,4/10/99,"1,626",4/3/99,"13,523","541,371",2.5
Maine,4/17/99,"1,489",4/10/99,"13,037","541,371",2.41
Maine,4/24/99,"1,263",4/17/99,"10,545","541,371",1.95
Maine,5/1/99,"1,546",4/24/99,"12,895","541,371",2.38
Maine,5/8/99,"1,084",5/1/99,"10,068","541,371",1.86
Maine,5/15/99,"1,186",5/8/99,"9,732","541,371",1.8
Maine,5/22/99,"1,097",5/15/99,"9,355","541,371",1.73
Maine,5/29/99,"1,103",5/22/99,"8,762","541,371",1.62
Maine,6/5/99,"1,028",5/29/99,"7,846","541,371",1.45
Maine,6/12/99,"1,020",6/5/99,"8,065","541,371",1.49
Maine,6/19/99,"1,007",6/12/99,"7,658","541,371",1.41
Maine,6/26/99,"1,106",6/19/99,"7,274","541,371",1.34
Maine,7/3/99,"1,088",6/26/99,"7,451","541,371",1.38
Maine,7/10/99,"1,201",7/3/99,"6,449","544,995",1.18
Maine,7/17/99,"1,006",7/10/99,"7,366","544,995",1.35
Maine,7/24/99,"1,230",7/17/99,"7,928","544,995",1.45
Maine,7/31/99,"1,143",7/24/99,"7,873","544,995",1.44
Maine,8/7/99,868,7/31/99,"6,533","544,995",1.2
Maine,8/14/99,944,8/7/99,"6,806","544,995",1.25
Maine,8/21/99,844,8/14/99,"6,654","544,995",1.22
Maine,8/28/99,841,8/21/99,"6,319","544,995",1.16
Maine,9/4/99,843,8/28/99,"6,219","544,995",1.14
Maine,9/11/99,727,9/4/99,"5,293","544,995",0.97
Maine,9/18/99,811,9/11/99,"5,482","544,995",1.01
Maine,9/25/99,776,9/18/99,"5,419","544,995",0.99
Maine,10/2/99,816,9/25/99,"5,070","544,995",0.93
Maine,10/9/99,"1,029",10/2/99,"5,073","548,896",0.92
Maine,10/16/99,950,10/9/99,"5,157","548,896",0.94
Maine,10/23/99,"1,181",10/16/99,"5,723","548,896",1.04
Maine,10/30/99,"1,399",10/23/99,"6,001","548,896",1.09
Maine,11/6/99,"1,433",10/30/99,"5,549","548,896",1.01
Maine,11/13/99,"1,348",11/6/99,"6,147","548,896",1.12
Maine,11/20/99,"1,742",11/13/99,"7,182","548,896",1.31
Maine,11/27/99,"1,208",11/20/99,"6,748","548,896",1.23
Maine,12/4/99,"1,764",11/27/99,"8,151","548,896",1.48
Maine,12/11/99,"1,864",12/4/99,"9,404","548,896",1.71
Maine,12/18/99,"1,793",12/11/99,"9,533","548,896",1.74
Maine,12/25/99,"1,952",12/18/99,"9,980","548,896",1.82
Maine,1/1/00,"2,264",12/25/99,"10,022","548,896",1.83
Maine,1/8/00,"2,410",1/1/00,"11,598","552,328",2.1
Maine,1/15/00,"2,638",1/8/00,"14,008","552,328",2.54
Maine,1/22/00,"2,013",1/15/00,"12,373","552,328",2.24
Maine,1/29/00,"1,650",1/22/00,"14,166","552,328",2.56
Maine,2/5/00,"1,561",1/29/00,"14,378","552,328",2.6
Maine,2/12/00,"1,394",2/5/00,"14,496","552,328",2.62
Maine,2/19/00,"1,177",2/12/00,"13,790","552,328",2.5
Maine,2/26/00,"1,291",2/19/00,"12,859","552,328",2.33
Maine,3/4/00,"1,174",2/26/00,"13,768","552,328",2.49
Maine,3/11/00,"1,181",3/4/00,"13,142","552,328",2.38
Maine,3/18/00,"1,233",3/11/00,"12,811","552,328",2.32
Maine,3/25/00,"1,595",3/18/00,"12,255","552,328",2.22
Maine,4/1/00,"1,551",3/25/00,"12,728","552,328",2.3
Maine,4/8/00,"1,225",4/1/00,"10,959","556,296",1.97
Maine,4/15/00,"1,176",4/8/00,"11,037","556,296",1.98
Maine,4/22/00,"1,234",4/15/00,"10,300","556,296",1.85
Maine,4/29/00,"1,280",4/22/00,"10,844","556,296",1.95
Maine,5/6/00,904,4/29/00,"8,890","556,296",1.6
Maine,5/13/00,901,5/6/00,"8,656","556,296",1.56
Maine,5/20/00,898,5/13/00,"7,875","556,296",1.42
Maine,5/27/00,996,5/20/00,"7,436","556,296",1.34
Maine,6/3/00,829,5/27/00,"6,656","556,296",1.2
Maine,6/10/00,"1,002",6/3/00,"7,262","556,296",1.31
Maine,6/17/00,910,6/10/00,"6,832","556,296",1.23
Maine,6/24/00,"1,020",6/17/00,"6,495","556,296",1.17
Maine,7/1/00,"1,113",6/24/00,"6,585","556,296",1.18
Maine,7/8/00,831,7/1/00,"5,183","560,369",0.92
Maine,7/15/00,"1,159",7/8/00,"7,090","560,369",1.27
Maine,7/22/00,"1,054",7/15/00,"7,071","560,369",1.26
Maine,7/29/00,"1,014",7/22/00,"6,791","560,369",1.21
Maine,8/5/00,"1,151",7/29/00,"6,712","560,369",1.2
Maine,8/12/00,"1,065",8/5/00,"6,357","560,369",1.13
Maine,8/19/00,"1,301",8/12/00,"6,296","560,369",1.12
Maine,8/26/00,816,8/19/00,"6,402","560,369",1.14
Maine,9/2/00,"1,258",8/26/00,"6,203","560,369",1.11
Maine,9/9/00,"1,775",9/2/00,"5,187","560,369",0.93
Maine,9/16/00,"1,415",9/9/00,"6,916","560,369",1.23
Maine,9/23/00,902,9/16/00,"6,899","560,369",1.23
Maine,9/30/00,889,9/23/00,"6,151","560,369",1.1
Maine,10/7/00,984,9/30/00,"5,148","560,369",0.92
Maine,10/14/00,987,10/7/00,"5,127","565,108",0.91
Maine,10/21/00,"1,175",10/14/00,"5,739","565,108",1.02
Maine,10/28/00,"1,300",10/21/00,"5,824","565,108",1.03
Maine,11/4/00,"1,577",10/28/00,"5,905","565,108",1.04
Maine,11/11/00,"1,663",11/4/00,"5,441","565,108",0.96
Maine,11/18/00,"1,457",11/11/00,"6,877","565,108",1.22
Maine,11/25/00,"1,318",11/18/00,"7,000","565,108",1.24
Maine,12/2/00,"1,704",11/25/00,"8,625","565,108",1.53
Maine,12/9/00,"2,120",12/2/00,"9,185","565,108",1.63
Maine,12/16/00,"1,970",12/9/00,"9,513","565,108",1.68
Maine,12/23/00,"1,985",12/16/00,"10,070","565,108",1.78
Maine,12/30/00,"2,549",12/23/00,"10,996","565,108",1.95
Maine,1/6/01,"1,933",12/30/00,"9,942","565,108",1.76
Maine,1/13/01,"2,875",1/6/01,"14,273","569,763",2.51
Maine,1/20/01,"1,934",1/13/01,"13,780","569,763",2.42
Maine,1/27/01,"1,895",1/20/01,"14,778","569,763",2.59
Maine,2/3/01,"1,678",1/27/01,"15,072","569,763",2.65
Maine,2/10/01,"1,612",2/3/01,"14,398","569,763",2.53
Maine,2/17/01,"1,460",2/10/01,"14,782","569,763",2.59
Maine,2/24/01,"1,255",2/17/01,"14,191","569,763",2.49
Maine,3/3/01,"1,396",2/24/01,"14,725","569,763",2.58
Maine,3/10/01,"1,138",3/3/01,"13,604","569,763",2.39
Maine,3/17/01,"1,396",3/10/01,"14,217","569,763",2.5
Maine,3/24/01,"1,411",3/17/01,"14,347","569,763",2.52
Maine,3/31/01,"1,712",3/24/01,"14,697","569,763",2.58
Maine,4/7/01,"1,469",3/31/01,"12,400","569,763",2.18
Maine,4/14/01,"1,689",4/7/01,"13,555","573,876",2.36
Maine,4/21/01,"1,417",4/14/01,"12,962","573,876",2.26
Maine,4/28/01,"1,537",4/21/01,"13,048","573,876",2.27
Maine,5/5/01,"1,280",4/28/01,"12,013","573,876",2.09
Maine,5/12/01,"1,272",5/5/01,"11,127","573,876",1.94
Maine,5/19/01,"1,290",5/12/01,"10,404","573,876",1.81
Maine,5/26/01,"1,230",5/19/01,"9,559","573,876",1.67
Maine,6/2/01,"1,163",5/26/01,"8,876","573,876",1.55
Maine,6/9/01,"1,567",6/2/01,"9,623","573,876",1.68
Maine,6/16/01,"1,126",6/9/01,"9,326","573,876",1.63
Maine,6/23/01,"1,125",6/16/01,"8,352","573,876",1.46
Maine,6/30/01,"1,568",6/23/01,"9,096","573,876",1.59
Maine,7/7/01,"1,048",6/30/01,"6,901","573,876",1.2
Maine,7/14/01,"1,622",7/7/01,"9,513","576,531",1.65
Maine,7/21/01,"1,253",7/14/01,"9,339","576,531",1.62
Maine,7/28/01,"1,335",7/21/01,"8,960","576,531",1.55
Maine,8/4/01,"1,235",7/28/01,"8,792","576,531",1.52
Maine,8/11/01,993,8/4/01,"8,190","576,531",1.42
Maine,8/18/01,"1,055",8/11/01,"8,312","576,531",1.44
Maine,8/25/01,999,8/18/01,"8,097","576,531",1.4
Maine,9/1/01,"1,156",8/25/01,"8,576","576,531",1.49
Maine,9/8/01,753,9/1/01,"6,491","576,531",1.13
Maine,9/15/01,924,9/8/01,"7,867","576,531",1.36
Maine,9/22/01,"1,202",9/15/01,"7,876","576,531",1.37
Maine,9/29/01,"1,245",9/22/01,"8,094","576,531",1.4
Maine,10/6/01,"1,191",9/29/01,"6,919","576,531",1.2
Maine,10/13/01,"1,197",10/6/01,"7,314","579,082",1.26
Maine,10/20/01,"1,612",10/13/01,"7,988","579,082",1.38
Maine,10/27/01,"1,681",10/20/01,"8,671","579,082",1.5
Maine,11/3/01,"1,762",10/27/01,"9,043","579,082",1.56
Maine,11/10/01,"1,823",11/3/01,"9,574","579,082",1.65
Maine,11/17/01,"1,625",11/10/01,"9,442","579,082",1.63
Maine,11/24/01,"1,744",11/17/01,"9,451","579,082",1.63
Maine,12/1/01,"2,777",11/24/01,"12,680","579,082",2.19
Maine,12/8/01,"2,192",12/1/01,"12,340","579,082",2.13
Maine,12/15/01,"2,276",12/8/01,"13,003","579,082",2.25
Maine,12/22/01,"2,146",12/15/01,"13,765","579,082",2.38
Maine,12/29/01,"2,114",12/22/01,"12,535","579,082",2.16
Maine,1/5/02,"2,754",12/29/01,"15,157","579,082",2.62
Maine,1/12/02,"3,392",1/5/02,"19,368","580,594",3.34
Maine,1/19/02,"2,735",1/12/02,"19,240","580,594",3.31
Maine,1/26/02,"1,693",1/19/02,"17,752","580,594",3.06
Maine,2/2/02,"1,532",1/26/02,"18,531","580,594",3.19
Maine,2/9/02,"1,717",2/2/02,"18,185","580,594",3.13
Maine,2/16/02,"1,553",2/9/02,"19,087","580,594",3.29
Maine,2/23/02,"1,449",2/16/02,"18,411","580,594",3.17
Maine,3/2/02,"1,610",2/23/02,"19,106","580,594",3.29
Maine,3/9/02,"1,606",3/2/02,"19,521","580,594",3.36
Maine,3/16/02,"1,613",3/9/02,"18,753","580,594",3.23
Maine,3/23/02,"1,388",3/16/02,"17,678","580,594",3.04
Maine,3/30/02,"1,921",3/23/02,"18,074","580,594",3.11
Maine,4/6/02,"1,991",3/30/02,"17,357","580,594",2.99
Maine,4/13/02,"1,416",4/6/02,"16,741","580,817",2.88
Maine,4/20/02,"1,502",4/13/02,"15,709","580,817",2.7
Maine,4/27/02,"1,755",4/20/02,"15,593","580,817",2.68
Maine,5/4/02,"1,469",4/27/02,"14,840","580,817",2.56
Maine,5/11/02,"1,338",5/4/02,"13,771","580,817",2.37
Maine,5/18/02,"1,361",5/11/02,"13,622","580,817",2.35
Maine,5/25/02,"1,428",5/18/02,"12,887","580,817",2.22
Maine,6/1/02,"1,215",5/25/02,"12,054","580,817",2.08
Maine,6/8/02,993,6/1/02,"10,802","580,817",1.86
Maine,6/15/02,"1,067",6/8/02,"11,165","580,817",1.92
Maine,6/22/02,"1,293",6/15/02,"10,702","580,817",1.84
Maine,6/29/02,"1,305",6/22/02,"11,160","580,817",1.92
Maine,7/6/02,909,6/29/02,"8,572","580,817",1.48
Maine,7/13/02,"1,163",7/6/02,"10,065","579,260",1.74
Maine,7/20/02,"1,200",7/13/02,"11,374","579,260",1.96
Maine,7/27/02,"1,170",7/20/02,"10,115","579,260",1.75
Maine,8/3/02,"1,062",7/27/02,"9,420","579,260",1.63
Maine,8/10/02,901,8/3/02,"9,280","579,260",1.6
Maine,8/17/02,952,8/10/02,"9,109","579,260",1.57
Maine,8/24/02,934,8/17/02,"9,109","579,260",1.57
Maine,8/31/02,"1,095",8/24/02,"9,455","579,260",1.63
Maine,9/7/02,756,8/31/02,"7,446","579,260",1.29
Maine,9/14/02,"1,051",9/7/02,"8,426","579,260",1.45
Maine,9/21/02,"1,041",9/14/02,"7,959","579,260",1.37
Maine,9/28/02,892,9/21/02,"7,278","579,260",1.26
Maine,10/5/02,850,9/28/02,"6,306","579,260",1.09
Maine,10/12/02,"1,377",10/5/02,"8,151","577,973",1.41
Maine,10/19/02,"1,158",10/12/02,"7,157","577,973",1.24
Maine,10/26/02,"1,801",10/19/02,"8,963","577,973",1.55
Maine,11/2/02,"1,689",10/26/02,"9,544","577,973",1.65
Maine,11/9/02,"1,910",11/2/02,"9,207","577,973",1.59
Maine,11/16/02,"1,673",11/9/02,"9,147","577,973",1.58
Maine,11/23/02,"1,870",11/16/02,"10,980","577,973",1.9
Maine,11/30/02,"1,664",11/23/02,"10,948","577,973",1.89
Maine,12/7/02,"2,104",11/30/02,"12,177","577,973",2.11
Maine,12/14/02,"2,286",12/7/02,"13,599","577,973",2.35
Maine,12/21/02,"2,036",12/14/02,"13,469","577,973",2.33
Maine,12/28/02,"1,520",12/21/02,"12,416","577,973",2.15
Maine,1/4/03,"2,284",12/28/02,"13,867","577,973",2.4
Maine,1/11/03,"2,958",1/4/03,"18,008","577,166",3.12
Maine,1/18/03,"2,702",1/11/03,"18,960","577,166",3.29
Maine,1/25/03,"2,369",1/18/03,"18,281","577,166",3.17
Maine,2/1/03,"2,565",1/25/03,"21,331","577,166",3.7
Maine,2/8/03,"1,552",2/1/03,"18,270","577,166",3.17
Maine,2/15/03,"1,670",2/8/03,"19,816","577,166",3.43
Maine,2/22/03,"1,416",2/15/03,"18,286","577,166",3.17
Maine,3/1/03,"1,720",2/22/03,"20,884","577,166",3.62
Maine,3/8/03,"1,128",3/1/03,"18,244","577,166",3.16
Maine,3/15/03,"1,404",3/8/03,"19,357","577,166",3.35
Maine,3/22/03,"1,282",3/15/03,"18,189","577,166",3.15
Maine,3/29/03,"1,515",3/22/03,"18,731","577,166",3.25
Maine,4/5/03,"1,832",3/29/03,"18,019","577,166",3.12
Maine,4/12/03,"1,456",4/5/03,"17,863","577,057",3.1
Maine,4/19/03,"1,329",4/12/03,"17,090","577,057",2.96
Maine,4/26/03,"1,176",4/19/03,"14,288","577,057",2.48
Maine,5/3/03,"1,516",4/26/03,"17,138","577,057",2.97
Maine,5/10/03,"1,203",5/3/03,"14,676","577,057",2.54
Maine,5/17/03,"1,189",5/10/03,"13,718","577,057",2.38
Maine,5/24/03,"1,029",5/17/03,"12,942","577,057",2.24
Maine,5/31/03,"1,207",5/24/03,"12,830","577,057",2.22
Maine,6/7/03,"1,040",5/31/03,"11,090","577,057",1.92
Maine,6/14/03,"1,121",6/7/03,"11,546","577,057",2
Maine,6/21/03,"1,386",6/14/03,"11,017","577,057",1.91
Maine,6/28/03,"1,165",6/21/03,"10,997","577,057",1.91
Maine,7/5/03,"1,204",6/28/03,"10,648","577,057",1.85
Maine,7/12/03,"1,117",7/5/03,"10,438","577,127",1.81
Maine,7/19/03,"1,204",7/12/03,"11,339","577,127",1.96
Maine,7/26/03,"1,043",7/19/03,"10,639","577,127",1.84
Maine,8/2/03,952,7/26/03,"10,329","577,127",1.79
Maine,8/9/03,"1,013",8/2/03,"10,046","577,127",1.74
Maine,8/16/03,907,8/9/03,"9,715","577,127",1.68
Maine,8/23/03,888,8/16/03,"9,494","577,127",1.65
Maine,8/30/03,877,8/23/03,"9,204","577,127",1.59
Maine,9/6/03,883,8/30/03,"8,365","577,127",1.45
Maine,9/13/03,958,9/6/03,"8,805","577,127",1.53
Maine,9/20/03,942,9/13/03,"8,480","577,127",1.47
Maine,9/27/03,890,9/20/03,"8,245","577,127",1.43
Maine,10/4/03,"1,037",9/27/03,"8,147","577,127",1.41
Maine,10/11/03,"1,170",10/4/03,"8,118","577,267",1.41
Maine,10/18/03,"1,028",10/11/03,"7,558","577,267",1.31
Maine,10/25/03,"1,413",10/18/03,"8,542","577,267",1.48
Maine,11/1/03,"1,764",10/25/03,"9,543","577,267",1.65
Maine,11/8/03,"1,426",11/1/03,"8,585","577,267",1.49
Maine,11/15/03,"1,409",11/8/03,"8,903","577,267",1.54
Maine,11/22/03,"1,633",11/15/03,"10,144","577,267",1.76
Maine,11/29/03,"1,543",11/22/03,"9,797","577,267",1.7
Maine,12/6/03,"1,807",11/29/03,"11,043","577,267",1.91
Maine,12/13/03,"2,258",12/6/03,"12,237","577,267",2.12
Maine,12/20/03,"1,878",12/13/03,"12,055","577,267",2.09
Maine,12/27/03,"1,885",12/20/03,"12,336","577,267",2.14
Maine,1/3/04,"1,693",12/27/03,"12,548","577,267",2.17
Maine,1/10/04,"3,014",1/3/04,"16,223","577,283",2.81
Maine,1/17/04,"2,557",1/10/04,"16,237","577,283",2.81
Maine,1/24/04,"2,009",1/17/04,"15,921","577,283",2.76
Maine,1/31/04,"2,935",1/24/04,"19,498","577,283",3.38
Maine,2/7/04,"1,524",1/31/04,"16,543","577,283",2.87
Maine,2/14/04,"1,370",2/7/04,"17,251","577,283",2.99
Maine,2/21/04,"1,281",2/14/04,"16,719","577,283",2.9
Maine,2/28/04,"1,687",2/21/04,"19,124","577,283",3.31
Maine,3/6/04,"1,074",2/28/04,"16,388","577,283",2.84
Maine,3/13/04,"1,237",3/6/04,"17,853","577,283",3.09
Maine,3/20/04,"1,333",3/13/04,"17,212","577,283",2.98
Maine,3/27/04,"1,171",3/20/04,"16,574","577,283",2.87
Maine,4/3/04,"1,701",3/27/04,"15,645","577,283",2.71
Maine,4/10/04,"1,487",4/3/04,"15,679","576,233",2.72
Maine,4/17/04,"1,216",4/10/04,"15,091","576,233",2.62
Maine,4/24/04,"1,175",4/17/04,"14,069","576,233",2.44
Maine,5/1/04,"1,439",4/24/04,"15,076","576,233",2.62
Maine,5/8/04,778,5/1/04,"11,840","576,233",2.05
Maine,5/15/04,"1,058",5/8/04,"11,605","576,233",2.01
Maine,5/22/04,"1,031",5/15/04,"10,649","576,233",1.85
Maine,5/29/04,"1,026",5/22/04,"10,302","576,233",1.79
Maine,6/5/04,"1,040",5/29/04,"9,328","576,233",1.62
Maine,6/12/04,"1,022",6/5/04,"9,870","576,233",1.71
Maine,6/19/04,"1,046",6/12/04,"8,745","576,233",1.52
Maine,6/26/04,"1,038",6/19/04,"8,913","576,233",1.55
Maine,7/3/04,"1,006",6/26/04,"9,284","576,233",1.61
Maine,7/10/04,943,7/3/04,"8,177","577,372",1.42
Maine,7/17/04,"1,179",7/10/04,"9,382","577,372",1.62
Maine,7/24/04,"1,036",7/17/04,"9,295","577,372",1.61
Maine,7/31/04,"1,020",7/24/04,"9,168","577,372",1.59
Maine,8/7/04,793,7/31/04,"7,883","577,372",1.37
Maine,8/14/04,862,8/7/04,"8,269","577,372",1.43
Maine,8/21/04,852,8/14/04,"8,104","577,372",1.4
Maine,8/28/04,768,8/21/04,"8,096","577,372",1.4
Maine,9/4/04,885,8/28/04,"7,577","577,372",1.31
Maine,9/11/04,742,9/4/04,"7,013","577,372",1.21
Maine,9/18/04,884,9/11/04,"7,385","577,372",1.28
Maine,9/25/04,791,9/18/04,"7,054","577,372",1.22
Maine,10/2/04,894,9/25/04,"6,791","577,372",1.18
Maine,10/9/04,"1,033",10/2/04,"6,492","578,641",1.12
Maine,10/16/04,903,10/9/04,"6,234","578,641",1.08
Maine,10/23/04,"1,258",10/16/04,"6,937","578,641",1.2
Maine,10/30/04,"1,491",10/23/04,"7,676","578,641",1.33
Maine,11/6/04,"1,640",10/30/04,"7,462","578,641",1.29
Maine,11/13/04,"1,371",11/6/04,"7,384","578,641",1.28
Maine,11/20/04,"1,825",11/13/04,"8,859","578,641",1.53
Maine,11/27/04,"1,686",11/20/04,"8,506","578,641",1.47
Maine,12/4/04,"2,101",11/27/04,"10,085","578,641",1.74
Maine,12/11/04,"2,319",12/4/04,"10,880","578,641",1.88
Maine,12/18/04,"2,129",12/11/04,"11,074","578,641",1.91
Maine,12/25/04,"2,104",12/18/04,"11,772","578,641",2.03
Maine,1/1/05,"2,045",12/25/04,"12,094","578,641",2.09
Maine,1/8/05,"3,213",1/1/05,"14,492","580,656",2.5
Maine,1/15/05,"2,669",1/8/05,"15,709","580,656",2.71
Maine,1/22/05,"1,752",1/15/05,"15,136","580,656",2.61
Maine,1/29/05,"1,865",1/22/05,"16,258","580,656",2.8
Maine,2/5/05,"1,629",1/29/05,"16,481","580,656",2.84
Maine,2/12/05,"1,351",2/5/05,"16,225","580,656",2.79
Maine,2/19/05,"1,348",2/12/05,"16,290","580,656",2.81
Maine,2/26/05,"1,141",2/19/05,"15,869","580,656",2.73
Maine,3/5/05,"1,315",2/26/05,"16,643","580,656",2.87
Maine,3/12/05,"1,173",3/5/05,"15,973","580,656",2.75
Maine,3/19/05,"1,338",3/12/05,"16,110","580,656",2.77
Maine,3/26/05,"1,196",3/19/05,"15,588","580,656",2.68
Maine,4/2/05,"1,399",3/26/05,"15,061","580,656",2.59
Maine,4/9/05,"1,606",4/2/05,"14,554","582,027",2.5
Maine,4/16/05,"1,281",4/9/05,"14,198","582,027",2.44
Maine,4/23/05,"1,289",4/16/05,"13,019","582,027",2.24
Maine,4/30/05,"1,458",4/23/05,"13,384","582,027",2.3
Maine,5/7/05,"1,040",4/30/05,"11,458","582,027",1.97
Maine,5/14/05,"1,053",5/7/05,"11,093","582,027",1.91
Maine,5/21/05,"1,012",5/14/05,"10,204","582,027",1.75
Maine,5/28/05,"1,073",5/21/05,"9,865","582,027",1.69
Maine,6/4/05,797,5/28/05,"9,145","582,027",1.57
Maine,6/11/05,"1,006",6/4/05,"9,305","582,027",1.6
Maine,6/18/05,951,6/11/05,"8,836","582,027",1.52
Maine,6/25/05,"1,017",6/18/05,"8,503","582,027",1.46
Maine,7/2/05,"1,008",6/25/05,"8,372","582,027",1.44
Maine,7/9/05,869,7/2/05,"7,815","583,281",1.34
Maine,7/16/05,"1,186",7/9/05,"8,727","583,281",1.5
Maine,7/23/05,"1,017",7/16/05,"8,355","583,281",1.43
Maine,7/30/05,"1,203",7/23/05,"8,635","583,281",1.48
Maine,8/6/05,781,7/30/05,"7,603","583,281",1.3
Maine,8/13/05,846,8/6/05,"7,688","583,281",1.32
Maine,8/20/05,784,8/13/05,"7,802","583,281",1.34
Maine,8/27/05,802,8/20/05,"7,536","583,281",1.29
Maine,9/3/05,906,8/27/05,"7,526","583,281",1.29
Maine,9/10/05,745,9/3/05,"6,877","583,281",1.18
Maine,9/17/05,881,9/10/05,"6,999","583,281",1.2
Maine,9/24/05,809,9/17/05,"6,704","583,281",1.15
Maine,10/1/05,999,9/24/05,"6,873","583,281",1.18
Maine,10/8/05,743,10/1/05,"6,303","581,001",1.08
Maine,10/15/05,991,10/8/05,"6,293","581,001",1.08
Maine,10/22/05,"1,206",10/15/05,"6,789","581,001",1.17
Maine,10/29/05,"1,268",10/22/05,"6,673","581,001",1.15
Maine,11/5/05,"1,490",10/29/05,"6,993","581,001",1.2
Maine,11/12/05,"1,407",11/5/05,"7,540","581,001",1.3
Maine,11/19/05,"1,356",11/12/05,"7,641","581,001",1.32
Maine,11/26/05,"1,341",11/19/05,"7,950","581,001",1.37
Maine,12/3/05,"1,919",11/26/05,"9,386","581,001",1.62
Maine,12/10/05,"2,101",12/3/05,"9,684","581,001",1.67
Maine,12/17/05,"1,833",12/10/05,"10,325","581,001",1.78
Maine,12/24/05,"1,768",12/17/05,"11,060","581,001",1.9
Maine,12/31/05,"1,930",12/24/05,"11,268","581,001",1.94
Maine,1/7/06,"2,427",12/31/05,"12,908","581,001",2.22
Maine,1/14/06,"2,395",1/7/06,"13,698","580,955",2.36
Maine,1/21/06,"1,617",1/14/06,"13,814","580,955",2.38
Maine,1/28/06,"1,628",1/21/06,"14,584","580,955",2.51
Maine,2/4/06,"1,545",1/28/06,"14,646","580,955",2.52
Maine,2/11/06,"1,418",2/4/06,"14,980","580,955",2.58
Maine,2/18/06,"1,178",2/11/06,"14,777","580,955",2.54
Maine,2/25/06,"1,088",2/18/06,"14,289","580,955",2.46
Maine,3/4/06,"1,557",2/25/06,"15,128","580,955",2.6
Maine,3/11/06,"1,217",3/4/06,"14,580","580,955",2.51
Maine,3/18/06,"1,201",3/11/06,"14,191","580,955",2.44
Maine,3/25/06,"1,051",3/18/06,"14,030","580,955",2.41
Maine,4/1/06,"1,390",3/25/06,"13,685","580,955",2.36
Maine,4/8/06,"1,136",4/1/06,"12,436","580,873",2.14
Maine,4/15/06,"1,117",4/8/06,"12,158","580,873",2.09
Maine,4/22/06,"1,137",4/15/06,"11,238","580,873",1.93
Maine,4/29/06,"1,123",4/22/06,"10,976","580,873",1.89
Maine,5/6/06,"1,132",4/29/06,"10,222","580,873",1.76
Maine,5/13/06,977,5/6/06,"9,519","580,873",1.64
Maine,5/20/06,"1,158",5/13/06,"8,995","580,873",1.55
Maine,5/27/06,999,5/20/06,"8,673","580,873",1.49
Maine,6/3/06,969,5/27/06,"8,128","580,873",1.4
Maine,6/10/06,"1,117",6/3/06,"8,256","580,873",1.42
Maine,6/17/06,"1,031",6/10/06,"8,091","580,873",1.39
Maine,6/24/06,"1,078",6/17/06,"7,927","580,873",1.36
Maine,7/1/06,"1,205",6/24/06,"8,128","580,873",1.4
Maine,7/8/06,685,7/1/06,"7,122","580,776",1.23
Maine,7/15/06,"1,228",7/8/06,"8,271","580,776",1.42
Maine,7/22/06,924,7/15/06,"7,883","580,776",1.36
Maine,7/29/06,891,7/22/06,"7,744","580,776",1.33
Maine,8/5/06,873,7/29/06,"7,544","580,776",1.3
Maine,8/12/06,906,8/5/06,"7,582","580,776",1.31
Maine,8/19/06,942,8/12/06,"7,522","580,776",1.3
Maine,8/26/06,844,8/19/06,"7,448","580,776",1.28
Maine,9/2/06,913,8/26/06,"7,333","580,776",1.26
Maine,9/9/06,879,9/2/06,"6,969","580,776",1.2
Maine,9/16/06,826,9/9/06,"6,869","580,776",1.18
Maine,9/23/06,779,9/16/06,"6,467","580,776",1.11
Maine,9/30/06,937,9/23/06,"6,539","580,776",1.13
Maine,10/7/06,900,9/30/06,"6,243","580,776",1.07
Maine,10/14/06,902,10/7/06,"6,274","581,628",1.08
Maine,10/21/06,"1,193",10/14/06,"6,612","581,628",1.14
Maine,10/28/06,"1,272",10/21/06,"6,884","581,628",1.18
Maine,11/4/06,"1,496",10/28/06,"7,202","581,628",1.24
Maine,11/11/06,"1,549",11/4/06,"7,735","581,628",1.33
Maine,11/18/06,"1,879",11/11/06,"8,322","581,628",1.43
Maine,11/25/06,"1,451",11/18/06,"8,705","581,628",1.5
Maine,12/2/06,"1,786",11/25/06,"10,074","581,628",1.73
Maine,12/9/06,"2,197",12/2/06,"10,281","581,628",1.77
Maine,12/16/06,"1,960",12/9/06,"10,622","581,628",1.83
Maine,12/23/06,"1,788",12/16/06,"11,364","581,628",1.95
Maine,12/30/06,"1,809",12/23/06,"11,445","581,628",1.97
Maine,1/6/07,"2,764",12/30/06,"12,295","581,628",2.11
Maine,1/13/07,"2,622",1/6/07,"14,957","582,363",2.57
Maine,1/20/07,"1,860",1/13/07,"14,370","582,363",2.47
Maine,1/27/07,"1,850",1/20/07,"15,137","582,363",2.6
Maine,2/3/07,"1,787",1/27/07,"15,672","582,363",2.69
Maine,2/10/07,"1,416",2/3/07,"15,447","582,363",2.65
Maine,2/17/07,"1,323",2/10/07,"15,204","582,363",2.61
Maine,2/24/07,"1,340",2/17/07,"15,397","582,363",2.64
Maine,3/3/07,"1,340",2/24/07,"15,964","582,363",2.74
Maine,3/10/07,"1,272",3/3/07,"15,325","582,363",2.63
Maine,3/17/07,"1,179",3/10/07,"14,848","582,363",2.55
Maine,3/24/07,"1,237",3/17/07,"14,579","582,363",2.5
Maine,3/31/07,"1,525",3/24/07,"14,298","582,363",2.46
Maine,4/7/07,"1,636",3/31/07,"14,215","582,363",2.44
Maine,4/14/07,"1,318",4/7/07,"13,952","583,162",2.39
Maine,4/21/07,"1,252",4/14/07,"13,292","583,162",2.28
Maine,4/28/07,"1,277",4/21/07,"13,557","583,162",2.32
Maine,5/5/07,"1,079",4/28/07,"12,107","583,162",2.08
Maine,5/12/07,960,5/5/07,"10,996","583,162",1.89
Maine,5/19/07,"1,081",5/12/07,"10,240","583,162",1.76
Maine,5/26/07,990,5/19/07,"9,656","583,162",1.66
Maine,6/2/07,"1,036",5/26/07,"9,058","583,162",1.55
Maine,6/9/07,"1,149",6/2/07,"8,944","583,162",1.53
Maine,6/16/07,"1,014",6/9/07,"8,583","583,162",1.47
Maine,6/23/07,"1,066",6/16/07,"8,173","583,162",1.4
Maine,6/30/07,"1,065",6/23/07,"8,021","583,162",1.38
Maine,7/7/07,994,6/30/07,"7,702","583,162",1.32
Maine,7/14/07,"1,164",7/7/07,"8,319","584,533",1.42
Maine,7/21/07,915,7/14/07,"7,858","584,533",1.34
Maine,7/28/07,854,7/21/07,"7,866","584,533",1.35
Maine,8/4/07,780,7/28/07,"7,470","584,533",1.28
Maine,8/11/07,888,8/4/07,"7,375","584,533",1.26
Maine,8/18/07,737,8/11/07,"7,213","584,533",1.23
Maine,8/25/07,785,8/18/07,"7,058","584,533",1.21
Maine,9/1/07,895,8/25/07,"7,061","584,533",1.21
Maine,9/8/07,558,9/1/07,"6,143","584,533",1.05
Maine,9/15/07,846,9/8/07,"6,381","584,533",1.09
Maine,9/22/07,833,9/15/07,"6,200","584,533",1.06
Maine,9/29/07,764,9/22/07,"6,042","584,533",1.03
Maine,10/6/07,939,9/29/07,"5,888","584,533",1.01
Maine,10/13/07,847,10/6/07,"5,932","585,823",1.01
Maine,10/20/07,"1,065",10/13/07,"6,287","585,823",1.07
Maine,10/27/07,"1,099",10/20/07,"6,477","585,823",1.11
Maine,11/3/07,"1,292",10/27/07,"6,750","585,823",1.15
Maine,11/10/07,"1,403",11/3/07,"7,096","585,823",1.21
Maine,11/17/07,"1,490",11/10/07,"7,667","585,823",1.31
Maine,11/24/07,"1,454",11/17/07,"7,934","585,823",1.35
Maine,12/1/07,"2,424",11/24/07,"9,893","585,823",1.69
Maine,12/8/07,"1,770",12/1/07,"9,322","585,823",1.59
Maine,12/15/07,"2,160",12/8/07,"10,810","585,823",1.85
Maine,12/22/07,"1,956",12/15/07,"11,513","585,823",1.97
Maine,12/29/07,"1,674",12/22/07,"11,625","585,823",1.98
Maine,1/5/08,"2,820",12/29/07,"13,528","585,823",2.31
Maine,1/12/08,"2,791",1/5/08,"15,203","586,020",2.59
Maine,1/19/08,"2,041",1/12/08,"15,613","586,020",2.66
Maine,1/26/08,"1,541",1/19/08,"15,449","586,020",2.64
Maine,2/2/08,"1,587",1/26/08,"15,923","586,020",2.72
Maine,2/9/08,"1,545",2/2/08,"15,880","586,020",2.71
Maine,2/16/08,"1,212",2/9/08,"15,953","586,020",2.72
Maine,2/23/08,"1,408",2/16/08,"16,031","586,020",2.74
Maine,3/1/08,"1,808",2/23/08,"17,377","586,020",2.97
Maine,3/8/08,"1,171",3/1/08,"15,834","586,020",2.7
Maine,3/15/08,"1,319",3/8/08,"16,310","586,020",2.78
Maine,3/22/08,"1,236",3/15/08,"16,036","586,020",2.74
Maine,3/29/08,"1,253",3/22/08,"15,916","586,020",2.72
Maine,4/5/08,"1,505",3/29/08,"15,484","586,020",2.64
Maine,4/12/08,"1,464",4/5/08,"15,239","587,064",2.6
Maine,4/19/08,"1,396",4/12/08,"14,695","587,064",2.5
Maine,4/26/08,"1,220",4/19/08,"13,784","587,064",2.35
Maine,5/3/08,"1,432",4/26/08,"13,522","587,064",2.3
Maine,5/10/08,"1,045",5/3/08,"12,399","587,064",2.11
Maine,5/17/08,"1,017",5/10/08,"11,435","587,064",1.95
Maine,5/24/08,"1,057",5/17/08,"10,766","587,064",1.83
Maine,5/31/08,836,5/24/08,"10,247","587,064",1.75
Maine,6/7/08,"1,119",5/31/08,"10,207","587,064",1.74
Maine,6/14/08,"1,006",6/7/08,"9,744","587,064",1.66
Maine,6/21/08,"1,162",6/14/08,"9,529","587,064",1.62
Maine,6/28/08,"1,226",6/21/08,"9,470","587,064",1.61
Maine,7/5/08,"1,254",6/28/08,"9,542","587,064",1.63
Maine,7/12/08,"1,132",7/5/08,"9,560","588,149",1.63
Maine,7/19/08,"1,137",7/12/08,"9,763","588,149",1.66
Maine,7/26/08,"1,247",7/19/08,"9,682","588,149",1.65
Maine,8/2/08,"1,157",7/26/08,"9,860","588,149",1.68
Maine,8/9/08,"1,159",8/2/08,"9,636","588,149",1.64
Maine,8/16/08,"1,112",8/9/08,"9,794","588,149",1.67
Maine,8/23/08,"1,092",8/16/08,"9,696","588,149",1.65
Maine,8/30/08,"1,106",8/23/08,"9,723","588,149",1.65
Maine,9/6/08,"1,000",8/30/08,"8,944","588,149",1.52
Maine,9/13/08,"1,214",9/6/08,"9,169","588,149",1.56
Maine,9/20/08,"1,106",9/13/08,"8,939","588,149",1.52
Maine,9/27/08,"1,029",9/20/08,"8,603","588,149",1.46
Maine,10/4/08,"1,284",9/27/08,"8,598","588,149",1.46
Maine,10/11/08,"1,275",10/4/08,"8,783","589,025",1.49
Maine,10/18/08,"1,372",10/11/08,"8,765","589,025",1.49
Maine,10/25/08,"1,685",10/18/08,"9,211","589,025",1.56
Maine,11/1/08,"2,188",10/25/08,"10,313","589,025",1.75
Maine,11/8/08,"1,832",11/1/08,"10,450","589,025",1.77
Maine,11/15/08,"2,066",11/8/08,"11,562","589,025",1.96
Maine,11/22/08,"2,607",11/15/08,"12,821","589,025",2.18
Maine,11/29/08,"2,309",11/22/08,"13,134","589,025",2.23
Maine,12/6/08,"2,918",11/29/08,"15,742","589,025",2.67
Maine,12/13/08,"3,625",12/6/08,"17,184","589,025",2.92
Maine,12/20/08,"2,623",12/13/08,"17,267","589,025",2.93
Maine,12/27/08,"2,646",12/20/08,"17,176","589,025",2.92
Maine,1/3/09,"3,617",12/27/08,"20,904","589,025",3.55
Maine,1/10/09,"5,634",1/3/09,"24,659","589,716",4.18
Maine,1/17/09,"3,475",1/10/09,"24,852","589,716",4.21
Maine,1/24/09,"2,650",1/17/09,"24,540","589,716",4.16
Maine,1/31/09,"2,799",1/24/09,"25,963","589,716",4.4
Maine,2/7/09,"2,626",1/31/09,"26,320","589,716",4.46
Maine,2/14/09,"2,485",2/7/09,"27,638","589,716",4.69
Maine,2/21/09,"1,934",2/14/09,"26,285","589,716",4.46
Maine,2/28/09,"2,462",2/21/09,"28,891","589,716",4.9
Maine,3/7/09,"2,446",2/28/09,"28,316","589,716",4.8
Maine,3/14/09,"2,668",3/7/09,"29,243","589,716",4.96
Maine,3/21/09,"2,794",3/14/09,"29,353","589,716",4.98
Maine,3/28/09,"2,755",3/21/09,"29,267","589,716",4.96
Maine,4/4/09,"2,871",3/28/09,"29,904","589,716",5.07
Maine,4/11/09,"2,581",4/4/09,"28,564","589,898",4.84
Maine,4/18/09,"2,092",4/11/09,"27,477","589,898",4.66
Maine,4/25/09,"1,708",4/18/09,"25,760","589,898",4.37
Maine,5/2/09,"2,491",4/25/09,"26,779","589,898",4.54
Maine,5/9/09,"2,073",5/2/09,"24,982","589,898",4.23
Maine,5/16/09,"1,869",5/9/09,"24,082","589,898",4.08
Maine,5/23/09,"1,719",5/16/09,"22,829","589,898",3.87
Maine,5/30/09,"1,503",5/23/09,"20,793","589,898",3.52
Maine,6/6/09,"1,732",5/30/09,"21,626","589,898",3.67
Maine,6/13/09,"1,786",6/6/09,"20,844","589,898",3.53
Maine,6/20/09,"1,749",6/13/09,"20,228","589,898",3.43
Maine,6/27/09,"2,123",6/20/09,"20,226","589,898",3.43
Maine,7/4/09,"1,920",6/27/09,"19,755","589,898",3.35
Maine,7/11/09,"1,732",7/4/09,"19,301","587,632",3.28
Maine,7/18/09,"1,719",7/11/09,"19,155","587,632",3.26
Maine,7/25/09,"1,496",7/18/09,"19,129","587,632",3.26
Maine,8/1/09,"1,496",7/25/09,"18,735","587,632",3.19
Maine,8/8/09,"1,476",8/1/09,"18,361","587,632",3.12
Maine,8/15/09,"1,453",8/8/09,"17,739","587,632",3.02
Maine,8/22/09,"1,323",8/15/09,"17,058","587,632",2.9
Maine,8/29/09,"1,481",8/22/09,"16,860","587,632",2.87
Maine,9/5/09,"1,623",8/29/09,"16,628","587,632",2.83
Maine,9/12/09,"1,245",9/5/09,"15,370","587,632",2.62
Maine,9/19/09,"1,475",9/12/09,"15,740","587,632",2.68
Maine,9/26/09,"1,417",9/19/09,"14,945","587,632",2.54
Maine,10/3/09,"1,650",9/26/09,"14,788","587,632",2.52
Maine,10/10/09,"1,510",10/3/09,"14,320","582,763",2.46
Maine,10/17/09,"1,345",10/10/09,"13,683","582,763",2.35
Maine,10/24/09,"1,878",10/17/09,"14,295","582,763",2.45
Maine,10/31/09,"2,063",10/24/09,"14,733","582,763",2.53
Maine,11/7/09,"2,513",10/31/09,"15,259","582,763",2.62
Maine,11/14/09,"2,492",11/7/09,"15,942","582,763",2.74
Maine,11/21/09,"2,560",11/14/09,"16,764","582,763",2.88
Maine,11/28/09,"2,024",11/21/09,"16,881","582,763",2.9
Maine,12/5/09,"2,545",11/28/09,"18,315","582,763",3.14
Maine,12/12/09,"3,273",12/5/09,"19,407","582,763",3.33
Maine,12/19/09,"3,259",12/12/09,"20,387","582,763",3.5
Maine,12/26/09,"2,696",12/19/09,"20,585","582,763",3.53
Maine,1/2/10,"2,922",12/26/09,"21,447","582,763",3.68
Maine,1/9/10,"3,420",1/2/10,"23,098","576,948",4
Maine,1/16/10,"3,516",1/9/10,"24,626","576,948",4.27
Maine,1/23/10,"2,384",1/16/10,"24,674","576,948",4.28
Maine,1/30/10,"2,572",1/23/10,"25,516","576,948",4.42
Maine,2/6/10,"2,423",1/30/10,"25,691","576,948",4.45
Maine,2/13/10,"2,206",2/6/10,"26,039","576,948",4.51
Maine,2/20/10,"1,652",2/13/10,"25,533","576,948",4.43
Maine,2/27/10,"2,082",2/20/10,"26,252","576,948",4.55
Maine,3/6/10,"2,199",2/27/10,"25,900","576,948",4.49
Maine,3/13/10,"1,811",3/6/10,"25,734","576,948",4.46
Maine,3/20/10,"1,782",3/13/10,"25,025","576,948",4.34
Maine,3/27/10,"1,979",3/20/10,"24,485","576,948",4.24
Maine,4/3/10,"2,164",3/27/10,"23,890","576,948",4.14
Maine,4/10/10,"1,818",4/3/10,"23,393","571,071",4.1
Maine,4/17/10,"1,819",4/10/10,"22,261","571,071",3.9
Maine,4/24/10,"1,523",4/17/10,"20,862","571,071",3.65
Maine,5/1/10,"1,845",4/24/10,"20,816","571,071",3.65
Maine,5/8/10,"1,603",5/1/10,"19,246","571,071",3.37
Maine,5/15/10,"1,532",5/8/10,"17,991","571,071",3.15
Maine,5/22/10,"1,495",5/15/10,"17,226","571,071",3.02
Maine,5/29/10,"1,537",5/22/10,"16,398","571,071",2.87
Maine,6/5/10,"1,377",5/29/10,"15,688","571,071",2.75
Maine,6/12/10,"1,658",6/5/10,"16,126","571,071",2.82
Maine,6/19/10,"1,754",6/12/10,"15,523","571,071",2.72
Maine,6/26/10,"1,734",6/19/10,"15,252","571,071",2.67
Maine,7/3/10,"1,704",6/26/10,"15,247","571,071",2.67
Maine,7/10/10,"1,372",7/3/10,"14,812","566,600",2.61
Maine,7/17/10,"1,458",7/10/10,"15,351","566,600",2.71
Maine,7/24/10,"1,462",7/17/10,"15,132","566,600",2.67
Maine,7/31/10,"1,373",7/24/10,"15,566","566,600",2.75
Maine,8/7/10,"1,356",7/31/10,"15,025","566,600",2.65
Maine,8/14/10,"1,492",8/7/10,"14,626","566,600",2.58
Maine,8/21/10,"1,671",8/14/10,"15,002","566,600",2.65
Maine,8/28/10,"1,473",8/21/10,"14,399","566,600",2.54
Maine,9/4/10,"1,604",8/28/10,"13,767","566,600",2.43
Maine,9/11/10,"1,225",9/4/10,"13,030","566,600",2.3
Maine,9/18/10,"1,453",9/11/10,"12,986","566,600",2.29
Maine,9/25/10,"1,299",9/18/10,"12,653","566,600",2.23
Maine,10/2/10,"1,389",9/25/10,"12,226","566,600",2.16
Maine,10/9/10,"1,659",10/2/10,"12,115","564,276",2.15
Maine,10/16/10,"1,354",10/9/10,"11,893","564,276",2.11
Maine,10/23/10,"1,908",10/16/10,"12,273","564,276",2.17
Maine,10/30/10,"2,040",10/23/10,"12,559","564,276",2.23
Maine,11/6/10,"2,345",10/30/10,"13,018","564,276",2.31
Maine,11/13/10,"2,123",11/6/10,"13,443","564,276",2.38
Maine,11/20/10,"2,485",11/13/10,"15,013","564,276",2.66
Maine,11/27/10,"1,726",11/20/10,"13,994","564,276",2.48
Maine,12/4/10,"2,771",11/27/10,"16,002","564,276",2.84
Maine,12/11/10,"2,901",12/4/10,"17,030","564,276",3.02
Maine,12/18/10,"2,633",12/11/10,"17,641","564,276",3.13
Maine,12/25/10,"2,698",12/18/10,"18,489","564,276",3.28
Maine,1/1/11,"2,521",12/25/10,"18,459","564,276",3.27
Maine,1/8/11,"3,811",1/1/11,"20,514","562,757",3.65
Maine,1/15/11,"3,239",1/8/11,"21,904","562,757",3.89
Maine,1/22/11,"2,306",1/15/11,"21,973","562,757",3.9
Maine,1/29/11,"2,381",1/22/11,"22,150","562,757",3.94
Maine,2/5/11,"2,000",1/29/11,"22,617","562,757",4.02
Maine,2/12/11,"1,878",2/5/11,"23,142","562,757",4.11
Maine,2/19/11,"1,745",2/12/11,"22,941","562,757",4.08
Maine,2/26/11,"1,582",2/19/11,"22,093","562,757",3.93
Maine,3/5/11,"2,008",2/26/11,"22,788","562,757",4.05
Maine,3/12/11,"1,887",3/5/11,"22,265","562,757",3.96
Maine,3/19/11,"1,676",3/12/11,"21,797","562,757",3.87
Maine,3/26/11,"1,707",3/19/11,"21,364","562,757",3.8
Maine,4/2/11,"1,898",3/26/11,"21,358","562,757",3.8
Maine,4/9/11,"1,843",4/2/11,"20,514","562,197",3.65
Maine,4/16/11,"1,892",4/9/11,"19,918","562,197",3.54
Maine,4/23/11,"1,573",4/16/11,"19,240","562,197",3.42
Maine,4/30/11,"2,089",4/23/11,"19,307","562,197",3.43
Maine,5/7/11,"1,712",4/30/11,"17,737","562,197",3.15
Maine,5/14/11,"1,515",5/7/11,"16,654","562,197",2.96
Maine,5/21/11,"1,482",5/14/11,"15,673","562,197",2.79
Maine,5/28/11,"1,246",5/21/11,"14,986","562,197",2.67
Maine,6/4/11,"1,195",5/28/11,"14,167","562,197",2.52
Maine,6/11/11,"1,349",6/4/11,"13,746","562,197",2.45
Maine,6/18/11,"1,430",6/11/11,"13,384","562,197",2.38
Maine,6/25/11,"1,524",6/18/11,"12,013","562,197",2.14
Maine,7/2/11,"1,676",6/25/11,"12,987","562,197",2.31
Maine,7/9/11,"1,370",7/2/11,"12,646","562,189",2.25
Maine,7/16/11,"1,415",7/9/11,"13,394","562,189",2.38
Maine,7/23/11,"1,492",7/16/11,"13,266","562,189",2.36
Maine,7/30/11,"1,156",7/23/11,"12,718","562,189",2.26
Maine,8/6/11,"1,112",7/30/11,"12,302","562,189",2.19
Maine,8/13/11,"1,155",8/6/11,"12,133","562,189",2.16
Maine,8/20/11,"1,193",8/13/11,"11,861","562,189",2.11
Maine,8/27/11,"1,234",8/20/11,"11,743","562,189",2.09
Maine,9/3/11,"1,283",8/27/11,"11,564","562,189",2.06
Maine,9/10/11,"1,192",9/3/11,"10,712","562,189",1.91
Maine,9/17/11,"1,467",9/10/11,"10,911","562,189",1.94
Maine,9/24/11,"1,315",9/17/11,"10,509","562,189",1.87
Maine,10/1/11,"1,324",9/24/11,"10,379","562,189",1.85
Maine,10/8/11,"1,491",10/1/11,"10,373","562,556",1.84
Maine,10/15/11,"1,298",10/8/11,"9,000","562,556",1.6
Maine,10/22/11,"1,783",10/15/11,"11,263","562,556",2
Maine,10/29/11,"1,964",10/22/11,"10,825","562,556",1.92
Maine,11/5/11,"2,350",10/29/11,"11,341","562,556",2.02
Maine,11/12/11,"2,081",11/5/11,"12,271","562,556",2.18
Maine,11/19/11,"1,884",11/12/11,"12,515","562,556",2.22
Maine,11/26/11,"1,910",11/19/11,"12,997","562,556",2.31
Maine,12/3/11,"2,359",11/26/11,"14,521","562,556",2.58
Maine,12/10/11,"2,696",12/3/11,"15,330","562,556",2.73
Maine,12/17/11,"2,390",12/10/11,"15,990","562,556",2.84
Maine,12/24/11,"2,484",12/17/11,"16,573","562,556",2.95
Maine,12/31/11,"2,356",12/24/11,"17,054","562,556",3.03
Maine,1/7/12,"3,529",12/31/11,"18,864","562,556",3.35
Maine,1/14/12,"3,085",1/7/12,"20,266","562,784",3.6
Maine,1/21/12,"2,032",1/14/12,"20,451","562,784",3.63
Maine,1/28/12,"2,002",1/21/12,"20,738","562,784",3.68
Maine,2/4/12,"1,785",1/28/12,"20,876","562,784",3.71
Maine,2/11/12,"1,701",2/4/12,"21,098","562,784",3.75
Maine,2/18/12,"1,440",2/11/12,"20,946","562,784",3.72
Maine,2/25/12,"1,503",2/18/12,"20,532","562,784",3.65
Maine,3/3/12,"1,835",2/25/12,"21,103","562,784",3.75
Maine,3/10/12,"1,570",3/3/12,"20,333","562,784",3.61
Maine,3/17/12,"1,626",3/10/12,"20,435","562,784",3.63
Maine,3/24/12,"1,822",3/17/12,"19,686","562,784",3.5
Maine,3/31/12,"1,762",3/24/12,"19,851","562,784",3.53
Maine,4/7/12,"1,768",3/31/12,"18,982","562,784",3.37
Maine,4/14/12,"1,528",4/7/12,"17,887","564,142",3.17
Maine,4/21/12,"1,537",4/14/12,"16,314","564,142",2.89
Maine,4/28/12,"1,531",4/21/12,"16,381","564,142",2.9
Maine,5/5/12,"1,288",4/28/12,"15,102","564,142",2.68
Maine,5/12/12,"1,248",5/5/12,"14,221","564,142",2.52
Maine,5/19/12,"1,295",5/12/12,"13,441","564,142",2.38
Maine,5/26/12,"1,287",5/19/12,"12,915","564,142",2.29
Maine,6/2/12,"1,197",5/26/12,"11,968","564,142",2.12
Maine,6/9/12,"1,499",6/2/12,"11,882","564,142",2.11
Maine,6/16/12,"1,266",6/9/12,"11,673","564,142",2.07
Maine,6/23/12,"1,414",6/16/12,"11,355","564,142",2.01
Maine,6/30/12,"1,369",6/23/12,"11,284","564,142",2
Maine,7/7/12,"1,428",6/30/12,"10,986","564,142",1.95
Maine,7/14/12,"1,780",7/7/12,"11,937","565,038",2.11
Maine,7/21/12,"1,719",7/14/12,"12,148","565,038",2.15
Maine,7/28/12,"1,241",7/21/12,"11,181","565,038",1.98
Maine,8/4/12,"1,200",7/28/12,"11,120","565,038",1.97
Maine,8/11/12,"1,141",8/4/12,"10,804","565,038",1.91
Maine,8/18/12,"1,099",8/11/12,"10,512","565,038",1.86
Maine,8/25/12,"1,139",8/18/12,"10,533","565,038",1.86
Maine,9/1/12,"1,143",8/25/12,"10,432","565,038",1.85
Maine,9/8/12,"1,119",9/1/12,"9,649","565,038",1.71
Maine,9/15/12,"1,244",9/8/12,"9,497","565,038",1.68
Maine,9/22/12,"1,195",9/15/12,"9,208","565,038",1.63
Maine,9/29/12,"1,108",9/22/12,"9,028","565,038",1.6
Maine,10/6/12,"1,432",9/29/12,"9,039","565,038",1.6
Maine,10/13/12,"1,242",10/6/12,"8,955","565,817",1.58
Maine,10/20/12,"1,571",10/13/12,"9,305","565,817",1.64
Maine,10/27/12,"1,709",10/20/12,"9,601","565,817",1.7
Maine,11/3/12,"2,066",10/27/12,"9,923","565,817",1.75
Maine,11/10/12,"2,542",11/3/12,"10,963","565,817",1.94
Maine,11/17/12,"1,957",11/10/12,"11,656","565,817",2.06
Maine,11/24/12,"1,904",11/17/12,"12,118","565,817",2.14
Maine,12/1/12,"2,561",11/24/12,"13,717","565,817",2.42
Maine,12/8/12,"2,548",12/1/12,"14,422","565,817",2.55
Maine,12/15/12,"2,319",12/8/12,"15,153","565,817",2.68
Maine,12/22/12,"2,292",12/15/12,"15,695","565,817",2.77
Maine,12/29/12,"1,658",12/22/12,"15,063","565,817",2.66
Maine,1/5/13,"3,252",12/29/12,"18,101","565,817",3.2
Maine,1/12/13,"3,299",1/5/13,"19,289","567,574",3.4
Maine,1/19/13,"2,540",1/12/13,"20,202","567,574",3.56
Maine,1/26/13,"1,815",1/19/13,"19,646","567,574",3.46
Maine,2/2/13,"1,920",1/26/13,"20,611","567,574",3.63
Maine,2/9/13,"1,646",2/2/13,"20,667","567,574",3.64
Maine,2/16/13,"1,269",2/9/13,"20,258","567,574",3.57
Maine,2/23/13,"1,354",2/16/13,"19,777","567,574",3.48
Maine,3/2/13,"1,601",2/23/13,"20,233","567,574",3.56
Maine,3/9/13,"1,689",3/2/13,"19,963","567,574",3.52
Maine,3/16/13,"1,441",3/9/13,"19,190","567,574",3.38
Maine,3/23/13,"1,315",3/16/13,"18,848","567,574",3.32
Maine,3/30/13,"1,433",3/23/13,"18,694","567,574",3.29
Maine,4/6/13,"1,734",3/30/13,"17,955","567,574",3.16
Maine,4/13/13,"1,718",4/6/13,"17,362","568,144",3.06
Maine,4/20/13,"1,290",4/13/13,"16,089","568,144",2.83
Maine,4/27/13,"1,669",4/20/13,"16,097","568,144",2.83
Maine,5/4/13,"1,169",4/27/13,"14,564","568,144",2.56
Maine,5/11/13,"1,126",5/4/13,"13,298","568,144",2.34
Maine,5/18/13,"1,056",5/11/13,"12,582","568,144",2.21
Maine,5/25/13,"1,052",5/18/13,"11,853","568,144",2.09
Maine,6/1/13,"1,071",5/25/13,"11,276","568,144",1.98
Maine,6/8/13,"1,120",6/1/13,"11,174","568,144",1.97
Maine,6/15/13,"1,104",6/8/13,"10,400","568,144",1.83
Maine,6/22/13,"1,324",6/15/13,"10,182","568,144",1.79
Maine,6/29/13,"1,424",6/22/13,"10,295","568,144",1.81
Maine,7/6/13,"1,046",6/29/13,"9,520","568,144",1.68
Maine,7/13/13,"1,264",7/6/13,"10,354","568,595",1.82
Maine,7/20/13,"1,400",7/13/13,"9,963","568,595",1.75
Maine,7/27/13,"1,182",7/20/13,"9,735","568,595",1.71
Maine,8/3/13,"1,127",7/27/13,"9,332","568,595",1.64
Maine,8/10/13,"1,064",8/3/13,"9,341","568,595",1.64
Maine,8/17/13,939,8/10/13,"9,027","568,595",1.59
Maine,8/24/13,976,8/17/13,"8,992","568,595",1.58
Maine,8/31/13,940,8/24/13,"8,774","568,595",1.54
Maine,9/7/13,"1,159",8/31/13,"8,266","568,595",1.45
Maine,9/14/13,938,9/7/13,"8,190","568,595",1.44
Maine,9/21/13,"1,132",9/14/13,"8,546","568,595",1.5
Maine,9/28/13,993,9/21/13,"8,038","568,595",1.41
Maine,10/5/13,"1,352",9/28/13,"7,936","568,595",1.4
Maine,10/12/13,"1,138",10/5/13,"7,947","568,782",1.4
Maine,10/19/13,"1,187",10/12/13,"8,035","568,782",1.41
Maine,10/26/13,"1,605",10/19/13,"8,455","568,782",1.49
Maine,11/2/13,"1,740",10/26/13,"8,951","568,782",1.57
Maine,11/9/13,"2,159",11/2/13,"9,903","568,782",1.74
Maine,11/16/13,"1,836",11/9/13,"10,219","568,782",1.8
Maine,11/23/13,"1,888",11/16/13,"11,031","568,782",1.94
Maine,11/30/13,"1,722",11/23/13,"11,017","568,782",1.94
Maine,12/7/13,"2,247",11/30/13,"12,400","568,782",2.18
Maine,12/14/13,"2,537",12/7/13,"13,310","568,782",2.34
Maine,12/21/13,"2,218",12/14/13,"13,874","568,782",2.44
Maine,12/28/13,"1,723",12/21/13,"13,403","568,782",2.36
Maine,1/4/14,"2,438",12/28/13,"15,810","568,782",2.78
Maine,1/11/14,"3,749",1/4/14,"17,314","569,229",3.04
Maine,1/18/14,"2,446",1/11/14,"18,179","569,229",3.19
Maine,1/25/14,"1,747",1/18/14,"17,881","569,229",3.14
Maine,2/1/14,"1,919",1/25/14,"18,734","569,229",3.29
Maine,2/8/14,"1,487",2/1/14,"18,909","569,229",3.32
Maine,2/15/14,"1,433",2/8/14,"18,863","569,229",3.31
Maine,2/22/14,"1,206",2/15/14,"18,002","569,229",3.16
Maine,3/1/14,"1,803",2/22/14,"18,802","569,229",3.3
Maine,3/8/14,"1,289",3/1/14,"18,232","569,229",3.2
Maine,3/15/14,"1,073",3/8/14,"17,636","569,229",3.1
Maine,3/22/14,"1,267",3/15/14,"17,564","569,229",3.09
Maine,3/29/14,"1,234",3/22/14,"16,997","569,229",2.99
Maine,4/5/14,"1,495",3/29/14,"16,574","569,229",2.91
Maine,4/12/14,"1,480",4/5/14,"16,015","570,654",2.81
Maine,4/19/14,"1,479",4/12/14,"15,377","570,654",2.69
Maine,4/26/14,"1,177",4/19/14,"14,572","570,654",2.55
Maine,5/3/14,"1,291",4/26/14,"14,209","570,654",2.49
Maine,5/10/14,979,5/3/14,"12,685","570,654",2.22
Maine,5/17/14,986,5/10/14,"11,515","570,654",2.02
Maine,5/24/14,973,5/17/14,"10,583","570,654",1.85
Maine,5/31/14,902,5/24/14,"10,067","570,654",1.76
Maine,6/7/14,969,5/31/14,"9,659","570,654",1.69
Maine,6/14/14,945,6/7/14,"8,939","570,654",1.57
Maine,6/21/14,979,6/14/14,"8,719","570,654",1.53
Maine,6/28/14,"1,118",6/21/14,"8,384","570,654",1.47
Maine,7/5/14,"1,315",6/28/14,"8,554","570,654",1.5
Maine,7/12/14,865,7/5/14,"8,714","572,312",1.52
Maine,7/19/14,"1,161",7/12/14,"8,616","572,312",1.51
Maine,7/26/14,900,7/19/14,"8,293","572,312",1.45
Maine,8/2/14,830,7/26/14,"7,999","572,312",1.4
Maine,8/9/14,760,8/2/14,"7,731","572,312",1.35
Maine,8/16/14,869,8/9/14,"7,836","572,312",1.37
Maine,8/23/14,809,8/16/14,"7,527","572,312",1.32
Maine,8/30/14,775,8/23/14,"7,401","572,312",1.29
Maine,9/6/14,863,8/30/14,"6,862","572,312",1.2
Maine,9/13/14,829,9/6/14,"6,633","572,312",1.16
Maine,9/20/14,851,9/13/14,"6,474","572,312",1.13
Maine,9/27/14,736,9/20/14,"6,346","572,312",1.11
Maine,10/4/14,853,9/27/14,"6,142","572,312",1.07
Maine,10/11/14,907,10/4/14,"6,089","573,158",1.06
Maine,10/18/14,858,10/11/14,"6,015","573,158",1.05
Maine,10/25/14,"1,708",10/18/14,"6,211","573,158",1.08
Maine,11/1/14,"1,546",10/25/14,"7,006","573,158",1.22
Maine,11/8/14,"1,708",11/1/14,"7,528","573,158",1.31
Maine,11/15/14,"1,573",11/8/14,"8,052","573,158",1.4
Maine,11/22/14,"1,645",11/15/14,"9,058","573,158",1.58
Maine,11/29/14,"1,449",11/22/14,"8,978","573,158",1.57
Maine,12/6/14,"2,147",11/29/14,"10,651","573,158",1.86
Maine,12/13/14,"2,172",12/6/14,"11,237","573,158",1.96
Maine,12/20/14,"1,876",12/13/14,"11,878","573,158",2.07
Maine,12/27/14,"1,675",12/20/14,"11,573","573,158",2.02
Maine,1/3/15,"2,252",12/27/14,"13,373","573,158",2.33
Maine,1/10/15,"3,128",1/3/15,"14,955","574,218",2.6
Maine,1/17/15,"2,188",1/10/15,"15,346","574,218",2.67
Maine,1/24/15,"1,565",1/17/15,"15,183","574,218",2.64
Maine,1/31/15,"1,357",1/24/15,"15,515","574,218",2.7
Maine,2/7/15,"1,209",1/31/15,"15,469","574,218",2.69
Maine,2/14/15,"1,124",2/7/15,"15,139","574,218",2.64
Maine,2/21/15,"1,046",2/14/15,"15,143","574,218",2.64
Maine,2/28/15,"1,332",2/21/15,"15,321","574,218",2.67
Maine,3/7/15,"1,052",2/28/15,"14,917","574,218",2.6
Maine,3/14/15,949,3/7/15,"14,632","574,218",2.55
Maine,3/21/15,847,3/14/15,"14,178","574,218",2.47
Maine,3/28/15,929,3/21/15,"13,594","574,218",2.37
Maine,4/4/15,"1,002",3/28/15,"13,043","574,218",2.27
Maine,4/11/15,"1,125",4/4/15,"12,607","574,559",2.19
Maine,4/18/15,"1,188",4/11/15,"11,920","574,559",2.07
Maine,4/25/15,"1,039",4/18/15,"11,211","574,559",1.95
Maine,5/2/15,"1,094",4/25/15,"10,852","574,559",1.89
Maine,5/9/15,946,5/2/15,"9,774","574,559",1.7
Maine,5/16/15,"1,104",5/9/15,"8,981","574,559",1.56
Maine,5/23/15,853,5/16/15,"8,054","574,559",1.4
Maine,5/30/15,671,5/23/15,"7,420","574,559",1.29
Maine,6/6/15,805,5/30/15,"7,027","574,559",1.22
Maine,6/13/15,924,6/6/15,"7,410","574,559",1.29
Maine,6/20/15,813,6/13/15,"7,133","574,559",1.24
Maine,6/27/15,854,6/20/15,"6,572","574,559",1.14
Maine,7/4/15,942,6/27/15,"6,533","574,559",1.14
Maine,7/11/15,891,7/4/15,"6,641","576,421",1.15
Maine,7/18/15,830,7/11/15,"6,630","576,421",1.15
Maine,7/25/15,657,7/18/15,"6,251","576,421",1.08
Maine,8/1/15,652,7/25/15,"6,098","576,421",1.06
Maine,8/8/15,756,8/1/15,"6,015","576,421",1.04
Maine,8/15/15,644,8/8/15,"5,916","576,421",1.03
Maine,8/22/15,832,8/15/15,"6,076","576,421",1.05
Maine,8/29/15,615,8/22/15,"5,613","576,421",0.97
Maine,9/5/15,650,8/29/15,"5,281","576,421",0.92
Maine,9/12/15,697,9/5/15,"4,921","576,421",0.85
Maine,9/19/15,646,9/12/15,"4,782","576,421",0.83
Maine,9/26/15,602,9/19/15,"4,699","576,421",0.82
Maine,10/3/15,703,9/26/15,"4,519","576,421",0.78
Maine,10/10/15,654,10/3/15,"4,501","577,760",0.78
Maine,10/17/15,682,10/10/15,"4,294","577,760",0.74
Maine,10/24/15,988,10/17/15,"4,425","577,760",0.77
Maine,10/31/15,"1,073",10/24/15,"4,823","577,760",0.83
Maine,11/7/15,"1,340",10/31/15,"5,255","577,760",0.91
Maine,11/14/15,"1,184",11/7/15,"5,749","577,760",1
Maine,11/21/15,"1,300",11/14/15,"6,303","577,760",1.09
Maine,11/28/15,"1,185",11/21/15,"6,578","577,760",1.14
Maine,12/5/15,"2,024",11/28/15,"7,665","577,760",1.33
Maine,12/12/15,"1,499",12/5/15,"8,191","577,760",1.42
Maine,12/19/15,"1,537",12/12/15,"8,672","577,760",1.5
Maine,12/26/15,"1,251",12/19/15,"8,969","577,760",1.55
Maine,1/2/16,"1,963",12/26/15,"10,096","577,760",1.75
Maine,1/9/16,"2,754",1/2/16,"11,772","578,872",2.03
Maine,1/16/16,"1,573",1/9/16,"12,202","578,872",2.11
Maine,1/23/16,"1,247",1/16/16,"12,295","578,872",2.12
Maine,1/30/16,"1,160",1/23/16,"12,610","578,872",2.18
Maine,2/6/16,"1,062",1/30/16,"12,726","578,872",2.2
Maine,2/13/16,960,2/6/16,"12,705","578,872",2.19
Maine,2/20/16,920,2/13/16,"12,529","578,872",2.16
Maine,2/27/16,"1,093",2/20/16,"12,949","578,872",2.24
Maine,3/5/16,964,2/27/16,"12,481","578,872",2.16
Maine,3/12/16,807,3/5/16,"12,077","578,872",2.09
Maine,3/19/16,970,3/12/16,"11,691","578,872",2.02
Maine,3/26/16,861,3/19/16,"11,640","578,872",2.01
Maine,4/2/16,960,3/26/16,"11,176","578,872",1.93
Maine,4/9/16,"1,057",4/2/16,"10,750","580,142",1.85
Maine,4/16/16,909,4/9/16,"10,193","580,142",1.76
Maine,4/23/16,807,4/16/16,"9,448","580,142",1.63
Maine,4/30/16,"1,025",4/23/16,"8,981","580,142",1.55
Maine,5/7/16,805,4/30/16,"7,878","580,142",1.36
Maine,5/14/16,724,5/7/16,"7,287","580,142",1.26
Maine,5/21/16,658,5/14/16,"6,658","580,142",1.15
Maine,5/28/16,600,5/21/16,"6,217","580,142",1.07
Maine,6/4/16,539,5/28/16,"5,847","580,142",1.01
Maine,6/11/16,691,6/4/16,"5,631","580,142",0.97
Maine,6/18/16,732,6/11/16,"5,441","580,142",0.94
Maine,6/25/16,831,6/18/16,"5,338","580,142",0.92
Maine,7/2/16,748,6/25/16,"5,380","580,142",0.93
Maine,7/9/16,697,7/2/16,"5,238","581,226",0.9
Maine,7/16/16,850,7/9/16,"5,766","581,226",0.99
Maine,7/23/16,780,7/16/16,"5,255","581,226",0.9
Maine,7/30/16,607,7/23/16,"5,114","581,226",0.88
Maine,8/6/16,629,7/30/16,"5,078","581,226",0.87
Maine,8/13/16,550,8/6/16,"5,114","581,226",0.88
Maine,8/20/16,556,8/13/16,"5,134","581,226",0.88
Maine,8/27/16,522,8/20/16,"4,907","581,226",0.84
Maine,9/3/16,557,8/27/16,"4,497","581,226",0.77
Maine,9/10/16,544,9/3/16,"4,394","581,226",0.76
Maine,9/17/16,601,9/10/16,"4,259","581,226",0.73
Maine,9/24/16,586,9/17/16,"4,237","581,226",0.73
Maine,10/1/16,611,9/24/16,"4,116","581,226",0.71
Maine,10/8/16,603,10/1/16,"3,959","583,442",0.68
Maine,10/15/16,618,10/8/16,"3,939","583,442",0.68
Maine,10/22/16,783,10/15/16,"4,134","583,442",0.71
Maine,10/29/16,851,10/22/16,"4,343","583,442",0.74
Maine,11/5/16,"1,017",10/29/16,"4,515","583,442",0.77
Maine,11/12/16,907,11/5/16,"4,933","583,442",0.85
Maine,11/19/16,"1,075",11/12/16,"5,324","583,442",0.91
Maine,11/26/16,833,11/19/16,"5,357","583,442",0.92
Maine,12/3/16,"1,716",11/26/16,"6,471","583,442",1.11
Maine,12/10/16,"1,339",12/3/16,"6,613","583,442",1.13
Maine,12/17/16,"1,312",12/10/16,"7,103","583,442",1.22
Maine,12/24/16,"1,345",12/17/16,"7,631","583,442",1.31
Maine,12/31/16,"1,322",12/24/16,"8,271","583,442",1.42
Maine,1/7/17,"2,142",12/31/16,"9,374","583,442",1.61
Maine,1/14/17,"1,732",1/7/17,"10,030","585,069",1.71
Maine,1/21/17,"1,143",1/14/17,"10,104","585,069",1.73
Maine,1/28/17,"1,032",1/21/17,"10,424","585,069",1.78
Maine,2/4/17,970,1/28/17,"10,384","585,069",1.77
Maine,2/11/17,766,2/4/17,"10,604","585,069",1.81
Maine,2/18/17,677,2/11/17,"10,401","585,069",1.78
Maine,2/25/17,828,2/18/17,"10,406","585,069",1.78
Maine,3/4/17,953,2/25/17,"10,558","585,069",1.8
Maine,3/11/17,770,3/4/17,"10,173","585,069",1.74
Maine,3/18/17,658,3/11/17,"9,931","585,069",1.7
Maine,3/25/17,708,3/18/17,"9,934","585,069",1.7
Maine,4/1/17,919,3/25/17,"9,489","585,069",1.62
Maine,4/8/17,940,4/1/17,"9,399","586,881",1.6
Maine,4/15/17,754,4/8/17,"9,116","586,881",1.55
Maine,4/22/17,767,4/15/17,"8,456","586,881",1.44
Maine,4/29/17,820,4/22/17,"8,126","586,881",1.38
Maine,5/6/17,695,4/29/17,"7,230","586,881",1.23
Maine,5/13/17,606,5/6/17,"6,567","586,881",1.12
Maine,5/20/17,596,5/13/17,"6,129","586,881",1.04
Maine,5/27/17,553,5/20/17,"5,729","586,881",0.98
Maine,6/3/17,462,5/27/17,"5,322","586,881",0.91
Maine,6/10/17,562,6/3/17,"5,217","586,881",0.89
Maine,6/17/17,548,6/10/17,"4,923","586,881",0.84
Maine,6/24/17,628,6/17/17,"4,668","586,881",0.8
Maine,7/1/17,957,6/24/17,"4,689","586,881",0.8
Maine,7/8/17,855,7/1/17,"4,546","588,724",0.77
Maine,7/15/17,746,7/8/17,"4,995","588,724",0.85
Maine,7/22/17,606,7/15/17,"4,752","588,724",0.81
Maine,7/29/17,487,7/22/17,"4,621","588,724",0.78
Maine,8/5/17,500,7/29/17,"4,581","588,724",0.78
Maine,8/12/17,425,8/5/17,"4,417","588,724",0.75
Maine,8/19/17,441,8/12/17,"4,410","588,724",0.75
Maine,8/26/17,417,8/19/17,"4,289","588,724",0.73
Maine,9/2/17,449,8/26/17,"4,108","588,724",0.7
Maine,9/9/17,469,9/2/17,"3,869","588,724",0.66
Maine,9/16/17,474,9/9/17,"3,911","588,724",0.66
Maine,9/23/17,490,9/16/17,"3,708","588,724",0.63
Maine,9/30/17,410,9/23/17,"3,629","588,724",0.62
Maine,10/7/17,514,9/30/17,"3,497","588,724",0.59
Maine,10/14/17,456,10/7/17,"3,452","590,088",0.58
Maine,10/21/17,566,10/14/17,"3,509","590,088",0.59
Maine,10/28/17,722,10/21/17,"3,678","590,088",0.62
Maine,11/4/17,838,10/28/17,"3,897","590,088",0.66
Maine,11/11/17,923,11/4/17,"4,164","590,088",0.71
Maine,11/18/17,933,11/11/17,"4,618","590,088",0.78
Maine,11/25/17,764,11/18/17,"4,743","590,088",0.8
Maine,12/2/17,"1,138",11/25/17,"5,496","590,088",0.93
Maine,12/9/17,"1,416",12/2/17,"5,155","590,088",0.87
Maine,12/16/17,"1,769",12/9/17,"6,174","590,088",1.05
Maine,12/23/17,"1,461",12/16/17,"6,673","590,088",1.13
Maine,12/30/17,"1,317",12/23/17,"6,969","590,088",1.18
Maine,1/6/18,"1,693",12/30/17,"7,897","590,088",1.34
Maine,1/13/18,"1,766",1/6/18,"9,061","591,174",1.53
Maine,1/20/18,"1,346",1/13/18,"9,660","591,174",1.63
Maine,1/27/18,"1,009",1/20/18,"9,507","591,174",1.61
Maine,2/3/18,"1,072",1/27/18,"9,818","591,174",1.66
Maine,2/10/18,769,2/3/18,"9,500","591,174",1.61
Maine,2/17/18,773,2/10/18,"9,542","591,174",1.61
Maine,2/24/18,749,2/17/18,"9,287","591,174",1.57
Maine,3/3/18,"1,009",2/24/18,"9,570","591,174",1.62
Maine,3/10/18,704,3/3/18,"8,973","591,174",1.52
Maine,3/17/18,661,3/10/18,"8,875","591,174",1.5
Maine,3/24/18,713,3/17/18,"8,674","591,174",1.47
Maine,3/31/18,658,3/24/18,"8,265","591,174",1.4
Maine,4/7/18,847,3/31/18,"7,958","591,174",1.35
Maine,4/14/18,775,4/7/18,"7,335","592,225",1.24
Maine,4/21/18,664,4/14/18,"7,083","592,225",1.2
Maine,4/28/18,776,4/21/18,"7,190","592,225",1.21
Maine,5/5/18,657,4/28/18,"6,550","592,225",1.11
Maine,5/12/18,499,5/5/18,"5,793","592,225",0.98
Maine,5/19/18,549,5/12/18,"5,353","592,225",0.9
Maine,5/26/18,475,5/19/18,"4,971","592,225",0.84
Maine,6/2/18,447,5/26/18,"4,661","592,225",0.79
Maine,6/9/18,450,6/2/18,"4,484","592,225",0.76
Maine,6/16/18,484,6/9/18,"4,327","592,225",0.73
Maine,6/23/18,510,6/16/18,"4,249","592,225",0.72
Maine,6/30/18,601,6/23/18,"4,236","592,225",0.72
Maine,7/7/18,572,6/30/18,"4,247","592,225",0.72
Maine,7/14/18,"1,017",7/7/18,"5,017","593,918",0.84
Maine,7/21/18,707,7/14/18,"4,816","593,918",0.81
Maine,7/28/18,482,7/21/18,"4,336","593,918",0.73
Maine,8/4/18,429,7/28/18,"4,234","593,918",0.71
Maine,8/11/18,374,8/4/18,"4,247","593,918",0.72
Maine,8/18/18,397,8/11/18,"4,024","593,918",0.68
Maine,8/25/18,363,8/18/18,"3,981","593,918",0.67
Maine,9/1/18,448,8/25/18,"3,828","593,918",0.64
Maine,9/8/18,363,9/1/18,"3,631","593,918",0.61
Maine,9/15/18,465,9/8/18,"3,554","593,918",0.6
Maine,9/22/18,385,9/15/18,"3,467","593,918",0.58
Maine,9/29/18,342,9/22/18,"3,573","593,918",0.6
Maine,10/6/18,457,9/29/18,"3,266","593,918",0.55
Maine,10/13/18,431,10/6/18,"3,266","595,363",0.55
Maine,10/20/18,529,10/13/18,"3,335","595,363",0.56
Maine,10/27/18,654,10/20/18,"3,465","595,363",0.58
Maine,11/3/18,724,10/27/18,"3,666","595,363",0.62
Maine,11/10/18,902,11/3/18,"3,860","595,363",0.65
Maine,11/17/18,695,11/10/18,"3,927","595,363",0.66
Maine,11/24/18,"1,041",11/17/18,"4,256","595,363",0.71
Maine,12/1/18,"1,595",11/24/18,"5,542","595,363",0.93
Maine,12/8/18,"1,238",12/1/18,"5,709","595,363",0.96
Maine,12/15/18,"1,352",12/8/18,"5,830","595,363",0.98
Maine,12/22/18,"1,203",12/15/18,"6,524","595,363",1.1
Maine,12/29/18,"1,021",12/22/18,"6,716","595,363",1.13
Maine,1/5/19,"1,823",12/29/18,"7,349","595,363",1.23
Maine,1/12/19,"1,637",1/5/19,"8,445","596,934",1.41
Maine,1/19/19,"1,011",1/12/19,"8,155","596,934",1.37
Maine,1/26/19,904,1/19/19,"8,247","596,934",1.38
Maine,2/2/19,929,1/26/19,"8,778","596,934",1.47
Maine,2/9/19,746,2/2/19,"8,671","596,934",1.45
Maine,2/16/19,608,2/9/19,"8,696","596,934",1.46
Maine,2/23/19,597,2/16/19,"8,645","596,934",1.45
Maine,3/2/19,743,2/23/19,"9,003","596,934",1.51
Maine,3/9/19,710,3/2/19,"8,510","596,934",1.43
Maine,3/16/19,619,3/9/19,"8,493","596,934",1.42
Maine,3/23/19,561,3/16/19,"8,166","596,934",1.37
Maine,3/30/19,676,3/23/19,"8,353","596,934",1.4
Maine,4/6/19,739,3/30/19,"7,613","596,934",1.28
Maine,4/13/19,711,4/6/19,"7,191","598,159",1.2
Maine,4/20/19,688,4/13/19,"6,947","598,159",1.16
Maine,4/27/19,720,4/20/19,"6,734","598,159",1.13
Maine,5/4/19,573,4/27/19,"6,045","598,159",1.01
Maine,5/11/19,464,5/4/19,"5,383","598,159",0.9
Maine,5/18/19,528,5/11/19,"4,932","598,159",0.82
Maine,5/25/19,476,5/18/19,"4,771","598,159",0.8
Maine,6/1/19,351,5/25/19,"4,312","598,159",0.72
Maine,6/8/19,520,6/1/19,"4,327","598,159",0.72
Maine,6/15/19,437,6/8/19,"3,988","598,159",0.67
Maine,6/22/19,536,6/15/19,"4,096","598,159",0.68
Maine,6/29/19,531,6/22/19,"3,966","598,159",0.66
Maine,7/6/19,441,6/29/19,"3,783","598,159",0.63
Maine,7/13/19,708,7/6/19,"4,301","600,187",0.72
Maine,7/20/19,493,7/13/19,"4,025","600,187",0.67
Maine,7/27/19,565,7/20/19,"4,072","600,187",0.68
Maine,8/3/19,466,7/27/19,"3,817","600,187",0.64
Maine,8/10/19,447,8/3/19,"3,779","600,187",0.63
Maine,8/17/19,363,8/10/19,"3,680","600,187",0.61
Maine,8/24/19,350,8/17/19,"3,613","600,187",0.6
Maine,8/31/19,388,8/24/19,"3,405","600,187",0.57
Maine,9/7/19,388,8/31/19,"3,096","600,187",0.52
Maine,9/14/19,414,9/7/19,"2,966","600,187",0.49
Maine,9/21/19,382,9/14/19,"2,965","600,187",0.49
Maine,9/28/19,367,9/21/19,"2,910","600,187",0.48
Maine,10/5/19,414,9/28/19,"2,960","600,187",0.49
Maine,10/12/19,480,10/5/19,"3,022","601,875",0.5
Maine,10/19/19,419,10/12/19,"2,938","601,875",0.49
Maine,10/26/19,660,10/19/19,"3,213","601,875",0.53
Maine,11/2/19,721,10/26/19,"3,310","601,875",0.55
Maine,11/9/19,839,11/2/19,"3,426","601,875",0.57
Maine,11/16/19,785,11/9/19,"3,860","601,875",0.64
Maine,11/23/19,944,11/16/19,"4,379","601,875",0.73
Maine,11/30/19,732,11/23/19,"4,550","601,875",0.76
Maine,12/7/19,"1,351",11/30/19,"5,383","601,875",0.89
Maine,12/14/19,"1,304",12/7/19,"5,657","601,875",0.94
Maine,12/21/19,"1,123",12/14/19,"5,763","601,875",0.96
Maine,12/28/19,985,12/21/19,"5,900","601,875",0.98
Maine,1/4/20,"1,663",12/28/19,"7,828","601,875",1.3
Maine,1/11/20,"1,561",1/4/20,"7,832","602,736",1.3
Maine,1/18/20,959,1/11/20,"8,661","602,736",1.44
Maine,1/25/20,944,1/18/20,"8,457","602,736",1.4
Maine,2/1/20,881,1/25/20,"8,916","602,736",1.48
Maine,2/8/20,702,2/1/20,"8,809","602,736",1.46
Maine,2/15/20,790,2/8/20,"8,896","602,736",1.48
Maine,2/22/20,737,2/15/20,"8,624","602,736",1.43
Maine,2/29/20,862,2/22/20,"9,007","602,736",1.49
Maine,3/7/20,715,2/29/20,"8,739","602,736",1.45
Maine,3/14/20,634,3/7/20,"8,451","602,736",1.4
Maine,3/21/20,"21,459",3/14/20,"8,703","602,736",1.44
Maine,3/28/20,"23,770",3/21/20,"21,967","602,736",3.64
Maine,4/4/20,"30,910",3/28/20,"41,339","602,736",6.86
Maine,4/11/20,"13,488",4/4/20,"55,723","603,932",9.23
Maine,4/18/20,"11,769",4/11/20,"66,525","603,932",11.02
Maine,4/25/20,"7,661",4/18/20,"73,141","603,932",12.11